date,title,creator,original_url,original_status,original_video_title,original_channel,original_duration_seconds,original_youtube_status,original_error,original_checked_at,final_url,final_status,final_video_title,final_channel,final_duration_seconds,final_checked_at,replaced,selection_reason,original_independent_recheck_error,replacement_independent_recheck,replacement_independent_checked_at
01-01,"Symphonic Études, op. 13",Schumann,https://www.youtube.com/watch?v=CIWBd7-AP4Q,playable,"Schumann, Symphonic Etudes, Op. 13 - Daniil Trifonov",Mariam Kasradze,2029,OK,,2026-09-23T05:27:13+00:00,https://www.youtube.com/watch?v=CIWBd7-AP4Q,playable,"Schumann, Symphonic Etudes, Op. 13 - Daniil Trifonov",Mariam Kasradze,2029,2026-09-23T05:27:13+00:00,False,,,,
01-02,Nocturnes,Fauré,https://www.youtube.com/watch?v=sqw5B9B9j4M,playable,"Fauré - Les 13 Nocturnes (Complete), Thème et variations Op.73 (Century's recording: Éric Heidsieck)",Classical Music/ /Reference Recording,5492,OK,,2026-09-23T05:27:14+00:00,https://www.youtube.com/watch?v=sqw5B9B9j4M,playable,"Fauré - Les 13 Nocturnes (Complete), Thème et variations Op.73 (Century's recording: Éric Heidsieck)",Classical Music/ /Reference Recording,5492,2026-09-23T05:27:14+00:00,False,,,,
01-03,"""Triple"" Concerto for violin, cello, and piano in C, op. 56",Beethoven,https://www.youtube.com/watch?v=pkXGtE8_cig,playable,"Beethoven: Triple Concerto in C major, op. 56",Amanda Forsyth,2213,OK,,2026-09-23T05:27:15+00:00,https://www.youtube.com/watch?v=pkXGtE8_cig,playable,"Beethoven: Triple Concerto in C major, op. 56",Amanda Forsyth,2213,2026-09-23T05:27:15+00:00,False,,,,
01-04,"Piano Concerto #23 in A, K. 488",Mozart,https://www.youtube.com/watch?v=BMYjGkgzinU,playable,"Mozart - Piano Concerto No. 23 in A, K. 488 [complete]",Am4d3usM0z4rt,1533,OK,,2026-09-23T05:27:16+00:00,https://www.youtube.com/watch?v=BMYjGkgzinU,playable,"Mozart - Piano Concerto No. 23 in A, K. 488 [complete]",Am4d3usM0z4rt,1533,2026-09-23T05:27:16+00:00,False,,,,
01-05,"Requiem, op. 9",Duruflé,https://www.youtube.com/watch?v=05Ry3b_ARqE,playable,Maurice DURUFLÉ - Requiem op. 9,Filharmonia Narodowa,2849,OK,,2026-09-23T05:27:18+00:00,https://www.youtube.com/watch?v=05Ry3b_ARqE,playable,Maurice DURUFLÉ - Requiem op. 9,Filharmonia Narodowa,2849,2026-09-23T05:27:18+00:00,False,,,,
01-06,"String Quartet #16 in F, op. 135",Beethoven,https://www.youtube.com/watch?v=38DA-F1V0t8,playable,"Ludwig van Beethoven - String Quartet No. 16, Op. 135",olla-vogala,1474,OK,,2026-09-23T05:27:19+00:00,https://www.youtube.com/watch?v=38DA-F1V0t8,playable,"Ludwig van Beethoven - String Quartet No. 16, Op. 135",olla-vogala,1474,2026-09-23T05:27:19+00:00,False,,,,
01-07,"L'estro Armonico, op. 3",Vivaldi,https://www.youtube.com/watch?v=c6_Z5lpc1g0,playable,Vivaldi - Opus 3 no 3 in G Major - L'estro Armonico,Luis Peres,378,OK,,2026-09-23T05:27:20+00:00,https://www.youtube.com/watch?v=c6_Z5lpc1g0,playable,Vivaldi - Opus 3 no 3 in G Major - L'estro Armonico,Luis Peres,378,2026-09-23T05:27:20+00:00,False,,,,
01-08,Concerto Grosso #1,Schnittke,https://www.youtube.com/watch?v=4RrLWema4tU,playable,Alfred Schnittke Concerto Grosso No. 1,Facundo Maciel,3136,OK,,2026-09-23T05:27:21+00:00,https://www.youtube.com/watch?v=4RrLWema4tU,playable,Alfred Schnittke Concerto Grosso No. 1,Facundo Maciel,3136,2026-09-23T05:27:21+00:00,False,,,,
01-09,"Violin Concerto in E minor, op. 64",Mendelssohn,https://www.youtube.com/watch?v=I03Hs6dwj7E,playable,"Ray Chen Mendelssohn Violin Concerto in E minor, Op. 64",Ray Chen,1767,OK,,2026-09-23T05:27:23+00:00,https://www.youtube.com/watch?v=I03Hs6dwj7E,playable,"Ray Chen Mendelssohn Violin Concerto in E minor, Op. 64",Ray Chen,1767,2026-09-23T05:27:23+00:00,False,,,,
01-10,"Clarinet Concerto in A, K. 622",Mozart,https://www.youtube.com/watch?v=YT_63UntRJE,playable,"Wolfgang Amadeus Mozart: Clarinet Concerto in A major, K.622",Iceland Symphony Orchestra,1866,OK,,2026-09-23T05:27:24+00:00,https://www.youtube.com/watch?v=YT_63UntRJE,playable,"Wolfgang Amadeus Mozart: Clarinet Concerto in A major, K.622",Iceland Symphony Orchestra,1866,2026-09-23T05:27:24+00:00,False,,,,
01-11,"The Planets, op. 32",Holst,https://www.youtube.com/watch?v=5W-o5Y_GunU,playable,"Holst: The Planets, Op. 32: IV. Jupiter, the Bringer of Jollity",Chicago Symphony Orchestra - Topic,456,OK,,2026-09-23T05:27:25+00:00,https://www.youtube.com/watch?v=5W-o5Y_GunU,playable,"Holst: The Planets, Op. 32: IV. Jupiter, the Bringer of Jollity",Chicago Symphony Orchestra - Topic,456,2026-09-23T05:27:25+00:00,False,,,,
01-12,"Symphony #8 in F, op. 93",Beethoven,https://www.youtube.com/watch?v=fa6DRoxpOwg,playable,"Beethoven: Symphony no. 8 in F major, op.93",Jamison Sanchez,1462,OK,,2026-09-23T05:27:26+00:00,https://www.youtube.com/watch?v=fa6DRoxpOwg,playable,"Beethoven: Symphony no. 8 in F major, op.93",Jamison Sanchez,1462,2026-09-23T05:27:26+00:00,False,,,,
01-13,"Symphony #2 in D, op. 43",Sibelius,https://www.youtube.com/watch?v=2lHncn68uyQ,playable,"Jean Sibelius - Symphony No. 2 in D major, Op. 43 (Orchestre de Paris, Paavo Järvi)",wocomoMUSIC,2800,OK,,2026-09-23T05:27:27+00:00,https://www.youtube.com/watch?v=2lHncn68uyQ,playable,"Jean Sibelius - Symphony No. 2 in D major, Op. 43 (Orchestre de Paris, Paavo Järvi)",wocomoMUSIC,2800,2026-09-23T05:27:27+00:00,False,,,,
01-14,Madama Butterfly,Puccini,https://www.youtube.com/watch?v=IYrbdiee9SU,playable,Puccini: Madama Butterfly (Full Opera),HALIDONMUSIC,8938,OK,,2026-09-23T05:27:28+00:00,https://www.youtube.com/watch?v=IYrbdiee9SU,playable,Puccini: Madama Butterfly (Full Opera),HALIDONMUSIC,8938,2026-09-23T05:27:28+00:00,False,,,,
01-15,"Symphony #40 in G minor, K. 550",Mozart,https://www.youtube.com/watch?v=JTc1mDieQI8,playable,"Mozart - Symphony No. 40 in G minor, K. 550 [complete]",Am4d3usM0z4rt,1585,OK,,2026-09-23T05:27:30+00:00,https://www.youtube.com/watch?v=JTc1mDieQI8,playable,"Mozart - Symphony No. 40 in G minor, K. 550 [complete]",Am4d3usM0z4rt,1585,2026-09-23T05:27:30+00:00,False,,,,
01-16,"Cello Concerto #1 in C, Hob. VIIb/1",Haydn,https://www.youtube.com/watch?v=x8bLJeVQiJk,playable,Haydn Concerto n. 1 in C major Hob. VIIb:1 | Hayoung Choi - Queen Elisabeth Competition 2022,Queen Elisabeth Competition,1442,OK,,2026-09-23T05:27:31+00:00,https://www.youtube.com/watch?v=x8bLJeVQiJk,playable,Haydn Concerto n. 1 in C major Hob. VIIb:1 | Hayoung Choi - Queen Elisabeth Competition 2022,Queen Elisabeth Competition,1442,2026-09-23T05:27:31+00:00,False,,,,
01-17,"Piano Quintet in F minor, op. 34",Brahms,https://www.youtube.com/watch?v=Jb7vDC5les4,playable,Quatuor Ebène - Brahms Piano Quintet f-minor Op. 34,FestivalWissembourg,2726,OK,,2026-09-23T05:27:32+00:00,https://www.youtube.com/watch?v=Jb7vDC5les4,playable,Quatuor Ebène - Brahms Piano Quintet f-minor Op. 34,FestivalWissembourg,2726,2026-09-23T05:27:32+00:00,False,,,,
01-18,Quatuor pour la fin du temps (Quartet for the End of Time),Messiaen,https://www.youtube.com/watch?v=QAQmZvxVffY,playable,"Messiaen: Quatuor pour la fin du temps / Weithaas, Gabetta, Meyer, Chamayou",Hochrhein Musikfestival Productions,2996,OK,,2026-09-23T05:27:33+00:00,https://www.youtube.com/watch?v=QAQmZvxVffY,playable,"Messiaen: Quatuor pour la fin du temps / Weithaas, Gabetta, Meyer, Chamayou",Hochrhein Musikfestival Productions,2996,2026-09-23T05:27:33+00:00,False,,,,
01-19,"Symphony #3 in C, op. 52",Sibelius,https://www.youtube.com/watch?v=_iPYeALbp50,playable,"Sibelius - Symphony No 3 in C major, Op 52 - Salonen",Cantus 5,1774,OK,,2026-09-23T05:27:34+00:00,https://www.youtube.com/watch?v=_iPYeALbp50,playable,"Sibelius - Symphony No 3 in C major, Op 52 - Salonen",Cantus 5,1774,2026-09-23T05:27:34+00:00,False,,,,
01-20,"Piano Sonata #28 in A, op. 101",Beethoven,https://www.youtube.com/watch?v=ZsItzA34B1I,playable,"Emil Gilels - Beethoven - Piano Sonata No 28 in A major, Op 101",Classical Vault 1,1246,OK,,2026-09-23T05:27:36+00:00,https://www.youtube.com/watch?v=ZsItzA34B1I,playable,"Emil Gilels - Beethoven - Piano Sonata No 28 in A major, Op 101",Classical Vault 1,1246,2026-09-23T05:27:36+00:00,False,,,,
01-21,"Die Zauberflöte (The Magic Flute), K. 620",Mozart,https://www.youtube.com/watch?v=YuBeBjqKSGQ,playable,"The Magic Flute – Queen of the Night aria (Mozart; Diana Damrau, The Royal Opera)",Royal Ballet and Opera,181,OK,,2026-09-23T05:27:37+00:00,https://www.youtube.com/watch?v=YuBeBjqKSGQ,playable,"The Magic Flute – Queen of the Night aria (Mozart; Diana Damrau, The Royal Opera)",Royal Ballet and Opera,181,2026-09-23T05:27:37+00:00,False,,,,
01-22,"String Quartet #14 in C-sharp minor, op. 131",Beethoven,https://www.youtube.com/watch?v=NdDNeMIvhIo,playable,"Beethoven: String Quartet in C-sharp minor, Op. 131",Chamber Music Society of Lincoln Center,2364,OK,,2026-09-23T05:27:38+00:00,https://www.youtube.com/watch?v=NdDNeMIvhIo,playable,"Beethoven: String Quartet in C-sharp minor, Op. 131",Chamber Music Society of Lincoln Center,2364,2026-09-23T05:27:38+00:00,False,,,,
01-23,"Hebrides Overture, op. 26 ""Fingal's Cave""",Mendelssohn,https://www.youtube.com/watch?v=zcogD-hHEYs,playable,Mendelssohn - Hebrides Overture (Fingal's Cave)  (Abbado),ArtyClassical,620,OK,,2026-09-23T05:27:39+00:00,https://www.youtube.com/watch?v=zcogD-hHEYs,playable,Mendelssohn - Hebrides Overture (Fingal's Cave)  (Abbado),ArtyClassical,620,2026-09-23T05:27:39+00:00,False,,,,
01-24,"Cello Concerto in A minor, op. 129",Schumann,https://www.youtube.com/watch?v=NayPFVXYo9o,playable,Schumann Cello Concerto op 129 | Kian Soltani | Christoph Eschenbach | SWR Symphonieorchester | HD,Kian Soltani,1427,OK,,2026-09-23T05:27:40+00:00,https://www.youtube.com/watch?v=NayPFVXYo9o,playable,Schumann Cello Concerto op 129 | Kian Soltani | Christoph Eschenbach | SWR Symphonieorchester | HD,Kian Soltani,1427,2026-09-23T05:27:40+00:00,False,,,,
01-25,"Piano Sonata #15 in D, op. 28 ""Pastoral""",Beethoven,https://www.youtube.com/watch?v=v5JOE60kQBQ,playable,András Schiff Beethoven Piano Sonata No.15 'Pastorale' Op.28,SW,1433,OK,,2026-09-23T05:27:42+00:00,https://www.youtube.com/watch?v=v5JOE60kQBQ,playable,András Schiff Beethoven Piano Sonata No.15 'Pastorale' Op.28,SW,1433,2026-09-23T05:27:42+00:00,False,,,,
01-26,Carmen,Bizet,https://www.youtube.com/watch?v=u_VkfIthWHo,playable,Bizet: Carmen (Full Opera),HALIDONMUSIC,9631,OK,,2026-09-23T05:27:43+00:00,https://www.youtube.com/watch?v=u_VkfIthWHo,playable,Bizet: Carmen (Full Opera),HALIDONMUSIC,9631,2026-09-23T05:27:43+00:00,False,,,,
01-27,"Variations on a Rococo Theme, op. 33",Tchaikovsky,https://www.youtube.com/watch?v=_591VkMY4iQ,playable,Tchaikovsky: Variations on a Rococo Theme - Rotterdam Philharmonic Orchestra - Live Concert HD,AVROTROS Klassiek,1318,OK,,2026-09-23T05:27:44+00:00,https://www.youtube.com/watch?v=_591VkMY4iQ,playable,Tchaikovsky: Variations on a Rococo Theme - Rotterdam Philharmonic Orchestra - Live Concert HD,AVROTROS Klassiek,1318,2026-09-23T05:27:44+00:00,False,,,,
01-28,L'Oiseau de Feu,Stravinsky,https://www.youtube.com/watch?v=VZqYPIN4CEI,playable,Stravinsky : L'Oiseau de feu (Orchestre philharmonique de radio France / Mikko Franck),France Musique concerts,1381,OK,,2026-09-23T05:27:45+00:00,https://www.youtube.com/watch?v=VZqYPIN4CEI,playable,Stravinsky : L'Oiseau de feu (Orchestre philharmonique de radio France / Mikko Franck),France Musique concerts,1381,2026-09-23T05:27:45+00:00,False,,,,
01-29,"Piano Quartet #2 in A, op. 26",Brahms,https://www.youtube.com/watch?v=AMQamKZkDvc,playable,Brahms Piano Quartet No 2 in A major op 26,omentie K,2839,OK,,2026-09-23T05:27:46+00:00,https://www.youtube.com/watch?v=AMQamKZkDvc,playable,Brahms Piano Quartet No 2 in A major op 26,omentie K,2839,2026-09-23T05:27:46+00:00,False,,,,
01-30,"Concerto for Two Violins in D minor, BWV 1043",Bach,https://www.youtube.com/watch?v=ILKJcsET-NM,playable,Bach - Concerto for two violins in D minor BWV 1043 - Sato and Deans | Netherlands Bach Society,Netherlands Bach Society,854,OK,,2026-09-23T05:27:48+00:00,https://www.youtube.com/watch?v=ILKJcsET-NM,playable,Bach - Concerto for two violins in D minor BWV 1043 - Sato and Deans | Netherlands Bach Society,Netherlands Bach Society,854,2026-09-23T05:27:48+00:00,False,,,,
01-31,"Also Sprach Zarathustra, op. 30","Strauss, R.",https://www.youtube.com/watch?v=IFPwm0e_K98,playable,"Richard Strauss - Also sprach Zarathustra, Op. 30",IlaryRhineKlange,1835,OK,,2026-09-23T05:27:49+00:00,https://www.youtube.com/watch?v=IFPwm0e_K98,playable,"Richard Strauss - Also sprach Zarathustra, Op. 30",IlaryRhineKlange,1835,2026-09-23T05:27:49+00:00,False,,,,
02-01,"Winterreise, D. 911",Schubert,https://www.youtube.com/watch?v=l0Rry-ahcHM,playable,Schubert: Die Winterreise D. 911 / Fischer Dieskau & Brendel,정마에 Zeong,4411,OK,,2026-09-23T05:27:50+00:00,https://www.youtube.com/watch?v=l0Rry-ahcHM,playable,Schubert: Die Winterreise D. 911 / Fischer Dieskau & Brendel,정마에 Zeong,4411,2026-09-23T05:27:50+00:00,False,,,,
02-02,"Symphony #4 in E minor, op. 98",Brahms,https://www.youtube.com/watch?v=7QLuYj2jxoc,playable,"Brahms - Symphony No 4 in E minor, Op 98 - Haitink",Classical Vault 1,2370,OK,,2026-09-23T05:27:52+00:00,https://www.youtube.com/watch?v=7QLuYj2jxoc,playable,"Brahms - Symphony No 4 in E minor, Op 98 - Haitink",Classical Vault 1,2370,2026-09-23T05:27:52+00:00,False,,,,
02-03,"Matthäus-Passion ('St. Matthew Passion'), BWV 244",Bach,https://www.youtube.com/watch?v=ZwVW1ttVhuQ,playable,Bach - St Matthew Passion BWV 244 - Van Veldhoven | Netherlands Bach Society,Netherlands Bach Society,9871,OK,,2026-09-23T05:27:53+00:00,https://www.youtube.com/watch?v=ZwVW1ttVhuQ,playable,Bach - St Matthew Passion BWV 244 - Van Veldhoven | Netherlands Bach Society,Netherlands Bach Society,9871,2026-09-23T05:27:53+00:00,False,,,,
02-04,"Symphony #2 in E minor, op. 27",Rachmaninoff,https://www.youtube.com/watch?v=zQtoOWqZ_J4,playable,"Rachmaninoff - Symphony No 2 in E minor, Op 27 - Pappano",Classical Vault 1,3468,OK,,2026-09-23T05:27:54+00:00,https://www.youtube.com/watch?v=zQtoOWqZ_J4,playable,"Rachmaninoff - Symphony No 2 in E minor, Op 27 - Pappano",Classical Vault 1,3468,2026-09-23T05:27:54+00:00,False,,,,
02-05,String Quartet #2 in D,Borodin,https://www.youtube.com/watch?v=c9zR8Q1vTqU,playable,"Borodin: Quartet No. 2 in D major for Strings, I. Allegro moderato",Chamber Music Society of Lincoln Center,493,OK,,2026-09-23T05:27:55+00:00,https://www.youtube.com/watch?v=c9zR8Q1vTqU,playable,"Borodin: Quartet No. 2 in D major for Strings, I. Allegro moderato",Chamber Music Society of Lincoln Center,493,2026-09-23T05:27:55+00:00,False,,,,
02-06,"Symphony #4 in A minor, op. 63",Sibelius,https://www.youtube.com/watch?v=C_GCIek9HjY,playable,"Sibelius - Symphony No 4 in A minor, Op 63 - Salonen",Cantus 5,2085,OK,,2026-09-23T05:27:56+00:00,https://www.youtube.com/watch?v=C_GCIek9HjY,playable,"Sibelius - Symphony No 4 in A minor, Op 63 - Salonen",Cantus 5,2085,2026-09-23T05:27:56+00:00,False,,,,
02-07,"Alto Rhapsody, op. 53",Brahms,https://www.youtube.com/watch?v=GheHLR05Nww,playable,Brahms Alto Rhapsody Op. 53 (Ger/Eng/Spa subtitles) Sara Mingardo,Daniel Serratos,910,OK,,2026-09-23T05:27:57+00:00,https://www.youtube.com/watch?v=GheHLR05Nww,playable,Brahms Alto Rhapsody Op. 53 (Ger/Eng/Spa subtitles) Sara Mingardo,Daniel Serratos,910,2026-09-23T05:27:57+00:00,False,,,,
02-08,"String Quintet #1 in F, op. 88",Brahms,https://www.youtube.com/watch?v=KUTYq6d0gb0,playable,"Johannes Brahms - String Quintet No. 1, Op. 88 (1882)",Bartje Bartmans,1772,OK,,2026-09-23T05:27:58+00:00,https://www.youtube.com/watch?v=KUTYq6d0gb0,playable,"Johannes Brahms - String Quintet No. 1, Op. 88 (1882)",Bartje Bartmans,1772,2026-09-23T05:27:58+00:00,False,,,,
02-09,"Symphony #9 in E-flat, op. 70",Shostakovich,https://www.youtube.com/watch?v=Qoui0sj7pGA,playable,"Shostakovich - Symphony No 9 in E-flat major, Op 70 - Spivakov",Cantus 5,1420,OK,,2026-09-23T05:28:00+00:00,https://www.youtube.com/watch?v=Qoui0sj7pGA,playable,"Shostakovich - Symphony No 9 in E-flat major, Op 70 - Spivakov",Cantus 5,1420,2026-09-23T05:28:00+00:00,False,,,,
02-10,Missa Pange lingua,Josquin,https://www.youtube.com/watch?v=_zxnFVWZVcE,playable,Josquin: Missa Pange lingua - Kyrie,pannonia77,163,OK,,2026-09-23T05:28:01+00:00,https://www.youtube.com/watch?v=_zxnFVWZVcE,playable,Josquin: Missa Pange lingua - Kyrie,pannonia77,163,2026-09-23T05:28:01+00:00,False,,,,
02-11,"Cello Suites, BWV 1007-1012",Bach,https://www.youtube.com/watch?v=AAEVOLqFaHI,playable,BACH Cello Suites - Petrit Çeku Guitar,Art Of Sound And Vision,5670,OK,,2026-09-23T05:28:02+00:00,https://www.youtube.com/watch?v=AAEVOLqFaHI,playable,BACH Cello Suites - Petrit Çeku Guitar,Art Of Sound And Vision,5670,2026-09-23T05:28:02+00:00,False,,,,
02-12,"Symphony #45 in F-sharp minor ""Farewell""",Haydn,https://www.youtube.com/watch?v=cYvjr86_aJY,playable,"Symphony No. 45 ""Farewell"" in F sharp minor - Haydn (Score)",Roc Vela,1487,OK,,2026-09-23T05:28:04+00:00,https://www.youtube.com/watch?v=cYvjr86_aJY,playable,"Symphony No. 45 ""Farewell"" in F sharp minor - Haydn (Score)",Roc Vela,1487,2026-09-23T05:28:04+00:00,False,,,,
02-13,"Die Jahreszeiten (The Seasons), Hob. XXI/3",Haydn,https://www.youtube.com/watch?v=C3UdH79XZuE,playable,J. Haydn - Hob XXI:3 - Die Jahreszeiten (The Seasons),ComposersbyNumbers,8278,OK,,2026-09-23T05:28:05+00:00,https://www.youtube.com/watch?v=C3UdH79XZuE,playable,J. Haydn - Hob XXI:3 - Die Jahreszeiten (The Seasons),ComposersbyNumbers,8278,2026-09-23T05:28:05+00:00,False,,,,
02-14,"Piano Quintet in E-flat, op. 44",Schumann,https://www.youtube.com/watch?v=PU97k1_K3SE,playable,"Argerich plays SCHUMANN: Piano Quintet op. 44, E flat Major",paiksechan,1861,OK,,2026-09-23T05:28:06+00:00,https://www.youtube.com/watch?v=PU97k1_K3SE,playable,"Argerich plays SCHUMANN: Piano Quintet op. 44, E flat Major",paiksechan,1861,2026-09-23T05:28:06+00:00,False,,,,
02-15,"Salome, op. 54","Strauss, R.",https://www.youtube.com/watch?v=0CnRyTytiQg,playable,Richard Strauss : Salomé op 54 (Danse des sept voiles),France Musique concerts,557,OK,,2026-09-23T05:28:07+00:00,https://www.youtube.com/watch?v=0CnRyTytiQg,playable,Richard Strauss : Salomé op 54 (Danse des sept voiles),France Musique concerts,557,2026-09-23T05:28:07+00:00,False,,,,
02-16,Symphony #9,Mahler,https://www.youtube.com/watch?v=IoNEeKJ2x44,playable,Mahler Symphony no. 9 - Vienna Philharmonic Orchestra - Leonard Bernstein,Michael Li,4955,OK,,2026-09-23T05:28:08+00:00,https://www.youtube.com/watch?v=IoNEeKJ2x44,playable,Mahler Symphony no. 9 - Vienna Philharmonic Orchestra - Leonard Bernstein,Michael Li,4955,2026-09-23T05:28:08+00:00,False,,,,
02-17,"Violin Concerto in D, op. 77",Brahms,https://www.youtube.com/watch?v=tV7APwv68tY,playable,"Janine Jansen - Violin Concerto in D major, Op.77 (Brahms)",B.V.Tokio Ⅱ,2405,OK,,2026-09-23T05:28:09+00:00,https://www.youtube.com/watch?v=tV7APwv68tY,playable,"Janine Jansen - Violin Concerto in D major, Op.77 (Brahms)",B.V.Tokio Ⅱ,2405,2026-09-23T05:28:09+00:00,False,,,,
02-18,"Symphony #1 in C minor, op. 68",Brahms,https://www.youtube.com/watch?v=BRdEgS_OHAk,playable,"Brahms - Symphony No 1 in C minor, Op 68 - Järvi",Classical Vault 1,2810,OK,,2026-09-23T05:28:11+00:00,https://www.youtube.com/watch?v=BRdEgS_OHAk,playable,"Brahms - Symphony No 1 in C minor, Op 68 - Järvi",Classical Vault 1,2810,2026-09-23T05:28:11+00:00,False,,,,
02-19,"Piano Sonata #21 in C, op. 53 'Waldstein'",Beethoven,https://www.youtube.com/watch?v=J3l18HTo5rY,playable,Beethoven Sonata N° 21 'Waldstein'   Daniel Barenboim,Ahmed Barod,1621,OK,,2026-09-23T05:28:12+00:00,https://www.youtube.com/watch?v=J3l18HTo5rY,playable,Beethoven Sonata N° 21 'Waldstein'   Daniel Barenboim,Ahmed Barod,1621,2026-09-23T05:28:12+00:00,False,,,,
02-20,"Piano Sonata #21 in B-flat, D. 960",Schubert,https://www.youtube.com/watch?v=oCn0PjPHdrc,playable,Schubert Piano Sonata No 21 D 960 B flat major András Schiff,Sonorum Concentus Haydn & Schubert,2539,OK,,2026-09-23T05:28:13+00:00,https://www.youtube.com/watch?v=oCn0PjPHdrc,playable,Schubert Piano Sonata No 21 D 960 B flat major András Schiff,Sonorum Concentus Haydn & Schubert,2539,2026-09-23T05:28:13+00:00,False,,,,
02-21,"Symphony #7 in C, op. 105",Sibelius,https://www.youtube.com/watch?v=dfwLm1rW14Q,playable,"Sibelius, Symphonie Nr  7 C Dur op  105   Leonard Bernstein, Wiener Philharmoniker",Ahmed Barod,1585,OK,,2026-09-23T05:28:14+00:00,https://www.youtube.com/watch?v=dfwLm1rW14Q,playable,"Sibelius, Symphonie Nr  7 C Dur op  105   Leonard Bernstein, Wiener Philharmoniker",Ahmed Barod,1585,2026-09-23T05:28:14+00:00,False,,,,
02-22,Horn Concertos,Mozart,https://www.youtube.com/watch?v=gtOkOYTM_5E,playable,Stage@Seven: Mozart: Horn Concerto E-flat major K. 495 – Marc Gruber / Elias Grandy,hr-Sinfonieorchester – Frankfurt Radio Symphony,1170,OK,,2026-09-23T05:28:15+00:00,https://www.youtube.com/watch?v=gtOkOYTM_5E,playable,Stage@Seven: Mozart: Horn Concerto E-flat major K. 495 – Marc Gruber / Elias Grandy,hr-Sinfonieorchester – Frankfurt Radio Symphony,1170,2026-09-23T05:28:15+00:00,False,,,,
02-23,Symphony #6 in A minor,Mahler,https://www.youtube.com/watch?v=MjzfXeRYNGo,deleted_or_unavailable,Claudio Abbado - Mahler Symphony No. 6,YouTube Movies,5336,UNPLAYABLE,Video unavailable,2026-09-23T05:28:17+00:00,https://www.youtube.com/watch?v=VN5aG4kmdTs,playable,Symphony No. 6 (complete) / Gustav Mahler / Jukka-Pekka Saraste / Oslo Philharmonic,Oslo Philharmonic,4976,2026-09-23T05:35:59+00:00,True,完整的马勒第六交响曲；奥斯陆爱乐官方频道，Jukka-Pekka Saraste 指挥。,ERROR: [youtube] MjzfXeRYNGo: Video unavailable,yt-dlp: public metadata and audio formats available; no media downloaded,2026-09-23T05:31:27+00:00
02-24,Pictures at an Exhibition,Mussorgsky,https://www.youtube.com/watch?v=kkC3chi_ysw,playable,Mussorgsky: Pictures at an exhibition ( Full ) - BPO / Karajan*,greatclassicrecords,2168,OK,,2026-09-23T05:28:18+00:00,https://www.youtube.com/watch?v=kkC3chi_ysw,playable,Mussorgsky: Pictures at an exhibition ( Full ) - BPO / Karajan*,greatclassicrecords,2168,2026-09-23T05:28:18+00:00,False,,,,
02-25,"Violin Sonata #1 in G, op. 78",Brahms,https://www.youtube.com/watch?v=2Ec_DnPL578,playable,"Brahms | Violin Sonata No. 1 in G major op. 78 - Julia Fischer, Yulianna Avdeeva",Südtirol in concert,1535,OK,,2026-09-23T05:28:19+00:00,https://www.youtube.com/watch?v=2Ec_DnPL578,playable,"Brahms | Violin Sonata No. 1 in G major op. 78 - Julia Fischer, Yulianna Avdeeva",Südtirol in concert,1535,2026-09-23T05:28:19+00:00,False,,,,
02-26,"Piano Sonata #20 in A, D. 959",Schubert,https://www.youtube.com/watch?v=PNu9OxXprq0,playable,"Schubert: Piano Sonata No. 20 in A Major, D. 959: II. Andantino",Mitsuko Uchida - Topic,531,OK,,2026-09-23T05:28:20+00:00,https://www.youtube.com/watch?v=PNu9OxXprq0,playable,"Schubert: Piano Sonata No. 20 in A Major, D. 959: II. Andantino",Mitsuko Uchida - Topic,531,2026-09-23T05:28:20+00:00,False,,,,
02-27,"Piano Concerto #1 in G minor, op. 25",Mendelssohn,https://www.youtube.com/watch?v=2GGx8TRWFVA,playable,"Mendelssohns - Piano Concerto No. 1 in G minor (op. 25) , Yuja Wang, Kurt Masur (Full)",AnatSob,1136,OK,,2026-09-23T05:28:21+00:00,https://www.youtube.com/watch?v=2GGx8TRWFVA,playable,"Mendelssohns - Piano Concerto No. 1 in G minor (op. 25) , Yuja Wang, Kurt Masur (Full)",AnatSob,1136,2026-09-23T05:28:21+00:00,False,,,,
02-28,"Symphony #7 in E, WAB 107",Bruckner,https://www.youtube.com/watch?v=Hq7VTOW6r6g,deleted_or_unavailable,"Bruckner: Symphony No. 7 in E major, WAB 107: III. Scherzo (Sehr schnell)",Orchestre Métropolitain - Topic,620,UNPLAYABLE,Video unavailable,2026-09-23T05:28:22+00:00,https://www.youtube.com/watch?v=q0XIT_za_E4,playable,"Symphony No. 7 in E Major, WAB 107: III. Scherzo (Sehr schnell)",Orchestre Métropolitain - Topic,620,2026-09-23T05:36:00+00:00,True,保留原视频第三乐章范围；同一 Orchestre Métropolitain Topic 频道的 ATMA 发行条目。,ERROR: [youtube] Hq7VTOW6r6g: Video unavailable,yt-dlp: public metadata and audio formats available; no media downloaded,2026-09-23T05:31:32+00:00
02-29,"Suite Bergamasque, L 75, including 'Clair de lune'",Debussy,https://www.youtube.com/watch?v=fZrm9h3JRGs,playable,"Lang Lang – Debussy: Suite bergamasque, L.75: III. Clair de lune",Deutsche Grammophon - DG,406,OK,,2026-09-23T05:28:24+00:00,https://www.youtube.com/watch?v=fZrm9h3JRGs,playable,"Lang Lang – Debussy: Suite bergamasque, L.75: III. Clair de lune",Deutsche Grammophon - DG,406,2026-09-23T05:28:24+00:00,False,,,,
03-01,"Piano Concerto #2 in G, Sz. 95, BB 101",Bartók,https://www.youtube.com/watch?v=EIDRAQVcbr8,playable,"Bartók - Piano Concerto No. 2 in G major, Sz 95, BB. 101",Classical Music11,1742,OK,,2026-09-23T05:28:25+00:00,https://www.youtube.com/watch?v=EIDRAQVcbr8,playable,"Bartók - Piano Concerto No. 2 in G major, Sz 95, BB. 101",Classical Music11,1742,2026-09-23T05:28:25+00:00,False,,,,
03-02,Spem in alium,Tallis,https://www.youtube.com/watch?v=iT-ZAAi4UQQ,playable,Spem In Alium (Thomas Tallis) - Tallis Scholars,Choral Music,580,OK,,2026-09-23T05:28:26+00:00,https://www.youtube.com/watch?v=iT-ZAAi4UQQ,playable,Spem In Alium (Thomas Tallis) - Tallis Scholars,Choral Music,580,2026-09-23T05:28:26+00:00,False,,,,
03-03,"Symphony #4 in E-flat ""Romantic"", WAB 104",Bruckner,https://www.youtube.com/watch?v=-MiYzU8HQZQ,playable,"Anton Bruckner - Symphony No. 4 in E flat (""Romantic""), WAB 104 [Haitink]",Bartje Bartmans,3843,OK,,2026-09-23T05:28:27+00:00,https://www.youtube.com/watch?v=-MiYzU8HQZQ,playable,"Anton Bruckner - Symphony No. 4 in E flat (""Romantic""), WAB 104 [Haitink]",Bartje Bartmans,3843,2026-09-23T05:28:27+00:00,False,,,,
03-04,Messe de Nostre Dame,Machaut,https://www.youtube.com/watch?v=11A4wqv8_wo,playable,"Machaut - Messe de Notre Dame (abbaye de Thoronet, Ens. G. Binchois, dir. D. Vellard).avi",Caballerito de Arratia,3826,OK,,2026-09-23T05:28:29+00:00,https://www.youtube.com/watch?v=11A4wqv8_wo,playable,"Machaut - Messe de Notre Dame (abbaye de Thoronet, Ens. G. Binchois, dir. D. Vellard).avi",Caballerito de Arratia,3826,2026-09-23T05:28:29+00:00,False,,,,
03-05,"Piano Trio #7 in B-flat, op. 97 ""Archduke""",Beethoven,https://www.youtube.com/watch?v=IWIrioMelNc,playable,"Piano Trio No. 7 in B-Flat Major, Op. 97, ""Archduke"": I. Allegro moderato",Itzhak Perlman - Topic,751,OK,,2026-09-23T05:28:30+00:00,https://www.youtube.com/watch?v=IWIrioMelNc,playable,"Piano Trio No. 7 in B-Flat Major, Op. 97, ""Archduke"": I. Allegro moderato",Itzhak Perlman - Topic,751,2026-09-23T05:28:30+00:00,False,,,,
03-06,"Musikalisches Opfer (A Musical Offering), BWV 1079",Bach,https://www.youtube.com/watch?v=fjxKy3pP41w,playable,Bach - Ricercar a 6 from The Musical Offering BWV 1079 | Netherlands Bach Society,Netherlands Bach Society,487,OK,,2026-09-23T05:28:31+00:00,https://www.youtube.com/watch?v=fjxKy3pP41w,playable,Bach - Ricercar a 6 from The Musical Offering BWV 1079 | Netherlands Bach Society,Netherlands Bach Society,487,2026-09-23T05:28:31+00:00,False,,,,
03-07,"Piano Concerto #2 in G minor, op. 16",Prokofiev,https://www.youtube.com/watch?v=xcte8hM6kYA,playable,"Prokofiev Piano Concerto No. 2 in g minor, Op. 16 (Gutiérrez)",Prok Prok,1869,OK,,2026-09-23T05:28:32+00:00,https://www.youtube.com/watch?v=xcte8hM6kYA,playable,"Prokofiev Piano Concerto No. 2 in g minor, Op. 16 (Gutiérrez)",Prok Prok,1869,2026-09-23T05:28:32+00:00,False,,,,
03-08,"Images pour orchestre, L 122",Debussy,https://www.youtube.com/watch?v=jp-C3Lbgo5M,playable,Debussy : Images pour orchestre (Orchestre national de France / Emmanuel Krivine),France Musique concerts,2430,OK,,2026-09-23T05:28:33+00:00,https://www.youtube.com/watch?v=jp-C3Lbgo5M,playable,Debussy : Images pour orchestre (Orchestre national de France / Emmanuel Krivine),France Musique concerts,2430,2026-09-23T05:28:33+00:00,False,,,,
03-09,Don Giovanni,Mozart,https://www.youtube.com/watch?v=aL2VdxseTvE,playable,Mozart - Don Giovanni - complete (English Subtitles) - HD,Pluterro,10462,OK,,2026-09-23T05:28:35+00:00,https://www.youtube.com/watch?v=aL2VdxseTvE,playable,Mozart - Don Giovanni - complete (English Subtitles) - HD,Pluterro,10462,2026-09-23T05:28:35+00:00,False,,,,
03-10,"Cantata #147 ""Herz und Mund und Tat und Leben""",Bach,https://www.youtube.com/watch?v=h97JE4--p84,playable,Bach - Cantata Herz und Mund und Tat und Leben BWV 147 - Creed | Netherlands Bach Society,Netherlands Bach Society,1818,OK,,2026-09-23T05:28:36+00:00,https://www.youtube.com/watch?v=h97JE4--p84,playable,Bach - Cantata Herz und Mund und Tat und Leben BWV 147 - Creed | Netherlands Bach Society,Netherlands Bach Society,1818,2026-09-23T05:28:36+00:00,False,,,,
03-11,"Piano Quartet #1 in G minor, op. 25",Brahms,https://www.youtube.com/watch?v=42lro9rDSQQ,playable,"Johannes Brahms - Piano Quartet No. 1 in G minor, Op. 25 (complete)",VideoClassica,2306,OK,,2026-09-23T05:28:37+00:00,https://www.youtube.com/watch?v=42lro9rDSQQ,playable,"Johannes Brahms - Piano Quartet No. 1 in G minor, Op. 25 (complete)",VideoClassica,2306,2026-09-23T05:28:37+00:00,False,,,,
03-12,Symphony #4 in G,Mahler,https://www.youtube.com/watch?v=YnfhInZLmUQ,playable,Mahler - Symphony No 4 - Abbado,Classical Vault 1,3458,OK,,2026-09-23T05:28:38+00:00,https://www.youtube.com/watch?v=YnfhInZLmUQ,playable,Mahler - Symphony No 4 - Abbado,Classical Vault 1,3458,2026-09-23T05:28:38+00:00,False,,,,
03-13,Tenebrae Responsories,Gesualdo,https://www.youtube.com/watch?v=E-gP1Cb4S_o,playable,Carlo Gesualdo - from Tenebrae Responsories (1611),Bartje Bartmans,723,OK,,2026-09-23T05:28:39+00:00,https://www.youtube.com/watch?v=E-gP1Cb4S_o,playable,Carlo Gesualdo - from Tenebrae Responsories (1611),Bartje Bartmans,723,2026-09-23T05:28:39+00:00,False,,,,
03-14,"String Quartet #15 in A minor, op. 132",Beethoven,https://www.youtube.com/watch?v=IMIoGw0nKE4,playable,Beethoven String Quartet No 15 Op 132 in A minor Alban Berg Quartet,Natalia Karatjeva,2740,OK,,2026-09-23T05:28:41+00:00,https://www.youtube.com/watch?v=IMIoGw0nKE4,playable,Beethoven String Quartet No 15 Op 132 in A minor Alban Berg Quartet,Natalia Karatjeva,2740,2026-09-23T05:28:41+00:00,False,,,,
03-15,"Madrigals, Book 8: Madrigali guerrieri, et amorosi",Monteverdi,https://www.youtube.com/watch?v=BNhfMVmRAhk,playable,"Madrigals, Book 8 (Madrigali, libro ottavo) , ""Madrigali guerrieri, et amorosi"": Lamento della...",Roberta Mameli - Topic,471,OK,,2026-09-23T05:28:42+00:00,https://www.youtube.com/watch?v=BNhfMVmRAhk,playable,"Madrigals, Book 8 (Madrigali, libro ottavo) , ""Madrigali guerrieri, et amorosi"": Lamento della...",Roberta Mameli - Topic,471,2026-09-23T05:28:42+00:00,False,,,,
03-16,"Dichterliebe (A Poet’s Love), op. 48",Schumann,https://www.youtube.com/watch?v=8xFU0IJimX4,playable,Dichterliebe Complete   Fritz Wunderlich   Schumann,ümit fiskin,1721,OK,,2026-09-23T05:28:43+00:00,https://www.youtube.com/watch?v=8xFU0IJimX4,playable,Dichterliebe Complete   Fritz Wunderlich   Schumann,ümit fiskin,1721,2026-09-23T05:28:43+00:00,False,,,,
03-17,"""Double"" Concerto for Violin and Cello in A minor, op. 102",Brahms,https://www.youtube.com/watch?v=9WKpSDBvn9w,playable,Brahms Double Concerto : David Oistrakh (violin) & Mstislav Rostropovich (cello) / Complete.,Alexandre Debrus (cellist),2065,OK,,2026-09-23T05:28:44+00:00,https://www.youtube.com/watch?v=9WKpSDBvn9w,playable,Brahms Double Concerto : David Oistrakh (violin) & Mstislav Rostropovich (cello) / Complete.,Alexandre Debrus (cellist),2065,2026-09-23T05:28:44+00:00,False,,,,
03-18,Piano Concerto for the Left Hand in D,Ravel,https://www.youtube.com/watch?v=VoR6KgdDDTA,playable,"Lugansky - Ravel, Piano Concerto in D major, for the Left Hand",Enchanted Wanderer,1092,OK,,2026-09-23T05:28:45+00:00,https://www.youtube.com/watch?v=VoR6KgdDDTA,playable,"Lugansky - Ravel, Piano Concerto in D major, for the Left Hand",Enchanted Wanderer,1092,2026-09-23T05:28:45+00:00,False,,,,
03-19,"Violin Concerto in D minor, op. 47",Sibelius,https://www.youtube.com/watch?v=3u-unvYedx8,playable,"SIBELIUS Violin Concerto in D minor, Op. 47 - Ray Chen",Ray Chen,2048,OK,,2026-09-23T05:28:47+00:00,https://www.youtube.com/watch?v=3u-unvYedx8,playable,"SIBELIUS Violin Concerto in D minor, Op. 47 - Ray Chen",Ray Chen,2048,2026-09-23T05:28:47+00:00,False,,,,
03-20,Parsifal,Wagner,https://www.youtube.com/watch?v=eqOBEH-JRhs,playable,Richard Wagner: Parsifal,Twinsunian T,13952,OK,,2026-09-23T05:28:48+00:00,https://www.youtube.com/watch?v=eqOBEH-JRhs,playable,Richard Wagner: Parsifal,Twinsunian T,13952,2026-09-23T05:28:48+00:00,False,,,,
03-21,"Missa Solemnis in D, op. 123",Beethoven,https://www.youtube.com/watch?v=umXYWd25hgQ,deleted_or_unavailable,,,,ERROR,Video unavailable,2026-09-23T05:28:48+00:00,https://www.youtube.com/watch?v=hnrFUFVcDmc,playable,Beethoven: Missa solemnis ∙ hr-Sinfonieorchester ∙ Wiener Singverein ∙ Andrés Orozco-Estrada,hr-Sinfonieorchester – Frankfurt Radio Symphony,4958,2026-09-23T05:36:01+00:00,True,完整的贝多芬庄严弥撒 Op.123；法兰克福广播交响乐团官方频道。,ERROR: [youtube] umXYWd25hgQ: Video unavailable,yt-dlp: public metadata and audio formats available; no media downloaded,2026-09-23T05:31:38+00:00
03-22,"Symphony #41 in C, K. 551 'Jupiter'",Mozart,https://www.youtube.com/watch?v=bnK3kh8ZEgA,playable,"Mozart - Symphony No. 41 in C, K. 551 [complete] (Jupiter)",Am4d3usM0z4rt,1808,OK,,2026-09-23T05:28:50+00:00,https://www.youtube.com/watch?v=bnK3kh8ZEgA,playable,"Mozart - Symphony No. 41 in C, K. 551 [complete] (Jupiter)",Am4d3usM0z4rt,1808,2026-09-23T05:28:50+00:00,False,,,,
03-23,Requiem,Verdi,https://www.youtube.com/watch?v=Nlq9lJRElBk,playable,Verdi: Messa da Requiem ∙ hr-Sinfonieorchester ∙ MDR Rundfunkchor ∙ Solisten ∙ Andrés Orozco-Estrada,hr-Sinfonieorchester – Frankfurt Radio Symphony,5668,OK,,2026-09-23T05:28:52+00:00,https://www.youtube.com/watch?v=Nlq9lJRElBk,playable,Verdi: Messa da Requiem ∙ hr-Sinfonieorchester ∙ MDR Rundfunkchor ∙ Solisten ∙ Andrés Orozco-Estrada,hr-Sinfonieorchester – Frankfurt Radio Symphony,5668,2026-09-23T05:28:52+00:00,False,,,,
03-24,"Clarinet Sonatas, op. 120",Brahms,https://www.youtube.com/watch?v=7tHkEqGMouM,playable,"Han Kim plays Brahms Clarinet Sonata No. 2 in E-flat Major, Op. 120 with Pianist Ilya Rashkovskiy",Clarinetist Han KIM,1307,OK,,2026-09-23T05:28:53+00:00,https://www.youtube.com/watch?v=7tHkEqGMouM,playable,"Han Kim plays Brahms Clarinet Sonata No. 2 in E-flat Major, Op. 120 with Pianist Ilya Rashkovskiy",Clarinetist Han KIM,1307,2026-09-23T05:28:53+00:00,False,,,,
03-25,"Ein deutsches Requiem, op. 45",Brahms,https://www.youtube.com/watch?v=ZXU9vqVdudM,playable,Brahms: Ein deutsches Requiem ∙ hr-Sinfonieorchester ∙ MDR-Rundfunkchor ∙ Solisten ∙ David Zinman,hr-Sinfonieorchester – Frankfurt Radio Symphony,4649,OK,,2026-09-23T05:28:54+00:00,https://www.youtube.com/watch?v=ZXU9vqVdudM,playable,Brahms: Ein deutsches Requiem ∙ hr-Sinfonieorchester ∙ MDR-Rundfunkchor ∙ Solisten ∙ David Zinman,hr-Sinfonieorchester – Frankfurt Radio Symphony,4649,2026-09-23T05:28:54+00:00,False,,,,
03-26,"Symphony #4 in B-flat, op. 60",Beethoven,https://www.youtube.com/watch?v=V1WqJFilxDg,deleted_or_unavailable,,,,ERROR,Video unavailable,2026-09-23T05:28:55+00:00,https://www.youtube.com/watch?v=uGWklkORHJo,playable,Beethoven: 4. Sinfonie ∙ hr-Sinfonieorchester ∙ Andrés Orozco-Estrada,hr-Sinfonieorchester – Frankfurt Radio Symphony,2167,2026-09-23T05:36:02+00:00,True,完整的贝多芬第四交响曲 Op.60；法兰克福广播交响乐团官方频道。,ERROR: [youtube] V1WqJFilxDg: Video unavailable,yt-dlp: public metadata and audio formats available; no media downloaded,2026-09-23T05:31:43+00:00
03-27,Requiem (Missa pro defunctis),Ockeghem,https://www.youtube.com/watch?v=3Hzd41qeRyo,playable,Ockeghem  Missa pro defunctis,atsusiueno,1685,OK,,2026-09-23T05:28:56+00:00,https://www.youtube.com/watch?v=3Hzd41qeRyo,playable,Ockeghem  Missa pro defunctis,atsusiueno,1685,2026-09-23T05:28:56+00:00,False,,,,
03-28,"Lyric Symphony, op. 18",Zemlinsky,https://www.youtube.com/watch?v=oC2Hkk50ujM,playable,Lyric Symphony op. 18 Alexander von Zemlinsky Alexander Anissimov Conductor Irina Krikunova Soprano,ingaprivet,423,OK,,2026-09-23T05:28:58+00:00,https://www.youtube.com/watch?v=oC2Hkk50ujM,playable,Lyric Symphony op. 18 Alexander von Zemlinsky Alexander Anissimov Conductor Irina Krikunova Soprano,ingaprivet,423,2026-09-23T05:28:58+00:00,False,,,,
03-29,"Piano Sonata #8 in C minor, op. 13 ""Pathetique""",Beethoven,https://www.youtube.com/watch?v=91MTUXla-lE,playable,"Beethoven Piano Sonata ""Pathétique"" No.8 in C minor, Op.13",Traum Piano,1101,OK,,2026-09-23T05:28:59+00:00,https://www.youtube.com/watch?v=91MTUXla-lE,playable,"Beethoven Piano Sonata ""Pathétique"" No.8 in C minor, Op.13",Traum Piano,1101,2026-09-23T05:28:59+00:00,False,,,,
03-30,"Die Schöpfung (The Creation), Hob.XXI/2",Haydn,https://www.youtube.com/watch?v=gwKduvgzZnw,playable,"Haydn: Die Schöpfung (The Creation), Hob. XXI: 2, Pt. 1 - 1. Einleitung: Die Vorstellung des...",Leonard Bernstein - Topic,555,OK,,2026-09-23T05:29:00+00:00,https://www.youtube.com/watch?v=gwKduvgzZnw,playable,"Haydn: Die Schöpfung (The Creation), Hob. XXI: 2, Pt. 1 - 1. Einleitung: Die Vorstellung des...",Leonard Bernstein - Topic,555,2026-09-23T05:29:00+00:00,False,,,,
03-31,"Clarinet Quintet in A, K. 581",Mozart,https://www.youtube.com/watch?v=xTNbclgU3h4,playable,"Mozart | Clarinet quintet K581 in A major - Armida Quartet, Sabine Meyer",Südtirol in concert,1849,OK,,2026-09-23T05:29:01+00:00,https://www.youtube.com/watch?v=xTNbclgU3h4,playable,"Mozart | Clarinet quintet K581 in A major - Armida Quartet, Sabine Meyer",Südtirol in concert,1849,2026-09-23T05:29:01+00:00,False,,,,
04-01,"Piano Concerto #3 in C, op. 26",Prokofiev,https://www.youtube.com/watch?v=II3GoNY4rwc,playable,"Prokofiev Piano Concerto No. 3 in C Major, Op. 26 (Kissin)",Prok Prok,1744,OK,,2026-09-23T05:29:02+00:00,https://www.youtube.com/watch?v=II3GoNY4rwc,playable,"Prokofiev Piano Concerto No. 3 in C Major, Op. 26 (Kissin)",Prok Prok,1744,2026-09-23T05:29:02+00:00,False,,,,
04-02,"String Quartet #5, Sz. 102",Bartók,https://www.youtube.com/watch?v=W2zPA4RuzaM,playable,"Béla Bartók - String Quartet No. 5, Sz. 102",invertedninthchord,1857,OK,,2026-09-23T05:29:03+00:00,https://www.youtube.com/watch?v=W2zPA4RuzaM,playable,"Béla Bartók - String Quartet No. 5, Sz. 102",invertedninthchord,1857,2026-09-23T05:29:03+00:00,False,,,,
04-03,"Wanderer Fantasy in C, D. 760",Schubert,https://www.youtube.com/watch?v=wAnhIV8wzw0,playable,Schubert „Wanderer-Fantasie“ D 760 Alfred Brendel,Sonorum Concentus Haydn & Schubert,1324,OK,,2026-09-23T05:29:05+00:00,https://www.youtube.com/watch?v=wAnhIV8wzw0,playable,Schubert „Wanderer-Fantasie“ D 760 Alfred Brendel,Sonorum Concentus Haydn & Schubert,1324,2026-09-23T05:29:05+00:00,False,,,,
04-04,"Piano Trio #2 in E minor, op. 67",Shostakovich,https://www.youtube.com/watch?v=os4N-dR7CuY,playable,SHOSTAKOVICH Piano Trio No. 2 in E minor (Op. 67) Score,Schwammerl,1595,OK,,2026-09-23T05:29:06+00:00,https://www.youtube.com/watch?v=os4N-dR7CuY,playable,SHOSTAKOVICH Piano Trio No. 2 in E minor (Op. 67) Score,Schwammerl,1595,2026-09-23T05:29:06+00:00,False,,,,
04-05,"Alexander Nevsky, op. 78",Prokofiev,https://www.youtube.com/watch?v=KGqVogrLEE4,playable,"Sergei Prokofiev : Alexander Nevsky, Op.78 (Yuri Temirkanov / St Petersburg Philharmonic Orchestra)",skripachka,2363,OK,,2026-09-23T05:29:07+00:00,https://www.youtube.com/watch?v=KGqVogrLEE4,playable,"Sergei Prokofiev : Alexander Nevsky, Op.78 (Yuri Temirkanov / St Petersburg Philharmonic Orchestra)",skripachka,2363,2026-09-23T05:29:07+00:00,False,,,,
04-06,"Violin Concerto #2 in E, BWV 1042",Bach,https://www.youtube.com/watch?v=DgfyryZJES4,playable,Hilary Hahn plays Bach Violin Concerto No.2 in E Major BWV 1042- Deutsche Kammerphilharmonie Bremen,Bachology,1079,OK,,2026-09-23T05:29:08+00:00,https://www.youtube.com/watch?v=DgfyryZJES4,playable,Hilary Hahn plays Bach Violin Concerto No.2 in E Major BWV 1042- Deutsche Kammerphilharmonie Bremen,Bachology,1079,2026-09-23T05:29:08+00:00,False,,,,
04-07,"Piano Sonata #32 in C minor, op. 111",Beethoven,https://www.youtube.com/watch?v=WGg9cE-ceso,playable,Beethoven: Sonata Op.111 No.32 in C Minor (Uchida),Ashish Xiangyi Kumar,1664,OK,,2026-09-23T05:29:09+00:00,https://www.youtube.com/watch?v=WGg9cE-ceso,playable,Beethoven: Sonata Op.111 No.32 in C Minor (Uchida),Ashish Xiangyi Kumar,1664,2026-09-23T05:29:09+00:00,False,,,,
04-08,Lyric Pieces,Grieg,https://www.youtube.com/watch?v=9PFGpPzu_7s,playable,"Lyric Pieces, Book I, Op. 12: No. 1, Arietta",Håkon Austbö - Topic,91,OK,,2026-09-23T05:29:11+00:00,https://www.youtube.com/watch?v=9PFGpPzu_7s,playable,"Lyric Pieces, Book I, Op. 12: No. 1, Arietta",Håkon Austbö - Topic,91,2026-09-23T05:29:11+00:00,False,,,,
04-09,"String Quintet #4 in G minor, K. 516",Mozart,https://www.youtube.com/watch?v=-RWsgnZZrZQ,playable,"Mozart - String Quintet No. 4 in G minor, K. 516",Anthony Mondon,2072,OK,,2026-09-23T05:29:12+00:00,https://www.youtube.com/watch?v=-RWsgnZZrZQ,playable,"Mozart - String Quintet No. 4 in G minor, K. 516",Anthony Mondon,2072,2026-09-23T05:29:12+00:00,False,,,,
04-10,"Music for Strings, Percussion, and Celesta, Sz. 106",Bartók,https://www.youtube.com/watch?v=QElT9KD4uX8,playable,"Béla Bartók - Music for Strings, Percussion and Celesta, Sz. 106",invertedninthchord,1680,OK,,2026-09-23T05:29:13+00:00,https://www.youtube.com/watch?v=QElT9KD4uX8,playable,"Béla Bartók - Music for Strings, Percussion and Celesta, Sz. 106",invertedninthchord,1680,2026-09-23T05:29:13+00:00,False,,,,
04-11,Ma mère l'oye,Ravel,https://www.youtube.com/watch?v=N_ENSdLOblk,playable,Ravel: Ma mère l’Oye ∙ hr-Sinfonieorchester ∙ Julian Kuerti,hr-Sinfonieorchester – Frankfurt Radio Symphony,1202,OK,,2026-09-23T05:29:14+00:00,https://www.youtube.com/watch?v=N_ENSdLOblk,playable,Ravel: Ma mère l’Oye ∙ hr-Sinfonieorchester ∙ Julian Kuerti,hr-Sinfonieorchester – Frankfurt Radio Symphony,1202,2026-09-23T05:29:14+00:00,False,,,,
04-12,Tabula Rasa,Pärt,https://www.youtube.com/watch?v=7YqF69HLkj8,playable,Arvo Pärt - Tabula rasa,Felipe Diaz,4558,OK,,2026-09-23T05:29:16+00:00,https://www.youtube.com/watch?v=7YqF69HLkj8,playable,Arvo Pärt - Tabula rasa,Felipe Diaz,4558,2026-09-23T05:29:16+00:00,False,,,,
04-13,"Symphony #1 in D, op. 25 ""Classical""",Prokofiev,https://www.youtube.com/watch?v=5OpDwZN8kl4,playable,"S. Prokofiev Symphony No.1 in D major Classical Op.25, Karel Ančerl",HarpsichordA6,764,OK,,2026-09-23T05:29:17+00:00,https://www.youtube.com/watch?v=5OpDwZN8kl4,playable,"S. Prokofiev Symphony No.1 in D major Classical Op.25, Karel Ančerl",HarpsichordA6,764,2026-09-23T05:29:17+00:00,False,,,,
04-14,"Water Music, HWV 348-350",Handel,https://www.youtube.com/watch?v=je_SW1KdFwI,playable,Handel Water Music Suite Jordi Savall I II & III HWV 348 HWV 349 HWV 350,Felices Cantus Händel,2757,OK,,2026-09-23T05:29:18+00:00,https://www.youtube.com/watch?v=je_SW1KdFwI,playable,Handel Water Music Suite Jordi Savall I II & III HWV 348 HWV 349 HWV 350,Felices Cantus Händel,2757,2026-09-23T05:29:18+00:00,False,,,,
04-15,"String Quartet #3, Sz. 85",Bartók,https://www.youtube.com/watch?v=Knd04_iYTGc,playable,"Béla Bartók - String Quartet No. 3, Sz. 85",invertedninthchord,922,OK,,2026-09-23T05:29:19+00:00,https://www.youtube.com/watch?v=Knd04_iYTGc,playable,"Béla Bartók - String Quartet No. 3, Sz. 85",invertedninthchord,922,2026-09-23T05:29:19+00:00,False,,,,
04-16,"Violin Concerto, op. 14",Barber,https://www.youtube.com/watch?v=uM0NIQB3ZHU,playable,Barber - Violinkonzert | Augustin Hadelich | Krzysztof Urbański | WDR Sinfonieorchester,ARD Klassik,1508,OK,,2026-09-23T05:29:20+00:00,https://www.youtube.com/watch?v=uM0NIQB3ZHU,playable,Barber - Violinkonzert | Augustin Hadelich | Krzysztof Urbański | WDR Sinfonieorchester,ARD Klassik,1508,2026-09-23T05:29:20+00:00,False,,,,
04-17,Rhapsody in Blue,Gershwin,https://www.youtube.com/watch?v=cH2PH0auTUU,playable,"George Gershwin - Rhapsody in Blue - Leonard Bernstein, New York Philharmonic (1976)",Qiyu Liu,1023,OK,,2026-09-23T05:29:22+00:00,https://www.youtube.com/watch?v=cH2PH0auTUU,playable,"George Gershwin - Rhapsody in Blue - Leonard Bernstein, New York Philharmonic (1976)",Qiyu Liu,1023,2026-09-23T05:29:22+00:00,False,,,,
04-18,"Fantasie in C, op. 17",Schumann,https://www.youtube.com/watch?v=XZ7hE4lQAYs,playable,"Schumann: Fantasie in C, Op.17 (Andsnes)",Ashish Xiangyi Kumar,1774,OK,,2026-09-23T05:29:23+00:00,https://www.youtube.com/watch?v=XZ7hE4lQAYs,playable,"Schumann: Fantasie in C, Op.17 (Andsnes)",Ashish Xiangyi Kumar,1774,2026-09-23T05:29:23+00:00,False,,,,
04-19,"Violin Concerto #2 in G minor, op. 63",Prokofiev,https://www.youtube.com/watch?v=uuXKaRFFJIc,playable,"Prokofiev Violin Concerto No. 2 in g minor, Op. 63 (Josefowicz)",Prok Prok,1699,OK,,2026-09-23T05:29:24+00:00,https://www.youtube.com/watch?v=uuXKaRFFJIc,playable,"Prokofiev Violin Concerto No. 2 in g minor, Op. 63 (Josefowicz)",Prok Prok,1699,2026-09-23T05:29:24+00:00,False,,,,
04-20,An American in Paris,Gershwin,https://www.youtube.com/watch?v=K4I2OzMltM4,playable,Gershwin: An American in Paris ∙ hr-Sinfonieorchester ∙ Andrés Orozco-Estrada,hr-Sinfonieorchester – Frankfurt Radio Symphony,1378,OK,,2026-09-23T05:29:25+00:00,https://www.youtube.com/watch?v=K4I2OzMltM4,playable,Gershwin: An American in Paris ∙ hr-Sinfonieorchester ∙ Andrés Orozco-Estrada,hr-Sinfonieorchester – Frankfurt Radio Symphony,1378,2026-09-23T05:29:25+00:00,False,,,,
04-21,"A Midsummer Night's Dream, op. 61; including the Overture, op. 21",Mendelssohn,https://www.youtube.com/watch?v=wIcImOYivDA,playable,"Mendelssohn - A Midsummer Night's Dream Overture, Op. 21 (Kurt Masur, Gewandhausorchestra)",EuroArtsChannel,808,OK,,2026-09-23T05:29:26+00:00,https://www.youtube.com/watch?v=wIcImOYivDA,playable,"Mendelssohn - A Midsummer Night's Dream Overture, Op. 21 (Kurt Masur, Gewandhausorchestra)",EuroArtsChannel,808,2026-09-23T05:29:26+00:00,False,,,,
04-22,Symphony #4,Ives,https://www.youtube.com/watch?v=aMT_EGXQwyk,playable,"Charles Ives Symphony No. 4, BBC Symphony Orchestra/David Robertson, cond./Ralph van Raat, piano",Ralph van Raat,2073,OK,,2026-09-23T05:29:27+00:00,https://www.youtube.com/watch?v=aMT_EGXQwyk,playable,"Charles Ives Symphony No. 4, BBC Symphony Orchestra/David Robertson, cond./Ralph van Raat, piano",Ralph van Raat,2073,2026-09-23T05:29:27+00:00,False,,,,
04-23,"Symphony #3 in E-flat, op. 55 'Eroica'",Beethoven,https://www.youtube.com/watch?v=nbGV-MVfgec,playable,Beethoven - Symphony No. 3 in E flat major (Op. 55) Eroica Berliner Philharmoniker,ClassicalMusicTVHD,3078,OK,,2026-09-23T05:29:29+00:00,https://www.youtube.com/watch?v=nbGV-MVfgec,playable,Beethoven - Symphony No. 3 in E flat major (Op. 55) Eroica Berliner Philharmoniker,ClassicalMusicTVHD,3078,2026-09-23T05:29:29+00:00,False,,,,
04-24,Tristan und Isolde,Wagner,https://www.youtube.com/watch?v=5NvUyCdKAxM,playable,Wagner: Tristan und Isolde – Vorspiel und Liebestod ∙ hr-Sinfonieorchester ∙ Andrés Orozco-Estrada,hr-Sinfonieorchester – Frankfurt Radio Symphony,1257,OK,,2026-09-23T05:29:30+00:00,https://www.youtube.com/watch?v=5NvUyCdKAxM,playable,Wagner: Tristan und Isolde – Vorspiel und Liebestod ∙ hr-Sinfonieorchester ∙ Andrés Orozco-Estrada,hr-Sinfonieorchester – Frankfurt Radio Symphony,1257,2026-09-23T05:29:30+00:00,False,,,,
04-25,"Symphony #3 in E-flat, op. 97 ""Rhenish""",Schumann,https://www.youtube.com/watch?v=kYW12JpWvkc,playable,"Robert Schumann: Symphony No. 3 in E-flat major ""Rhenish"", op. 97 (1850)",Mateus Pereira,2017,OK,,2026-09-23T05:29:31+00:00,https://www.youtube.com/watch?v=kYW12JpWvkc,playable,"Robert Schumann: Symphony No. 3 in E-flat major ""Rhenish"", op. 97 (1850)",Mateus Pereira,2017,2026-09-23T05:29:31+00:00,False,,,,
04-26,"Il cimento dell'armonia e dell'inventione, including Le quattro stagioni (The Four Seasons)",Vivaldi,https://www.youtube.com/watch?v=sglI8vmqMkQ,playable,"A. Vivaldi: Il Cimento dell'Armonia e dell'Invenzione, Op.8 [The Avison Ensemble]",Dramma per musica,6826,OK,,2026-09-23T05:29:32+00:00,https://www.youtube.com/watch?v=sglI8vmqMkQ,playable,"A. Vivaldi: Il Cimento dell'Armonia e dell'Invenzione, Op.8 [The Avison Ensemble]",Dramma per musica,6826,2026-09-23T05:29:32+00:00,False,,,,
04-27,"Symphony #3, op. 27 ""Sinfonia Espansiva""",Nielsen,https://www.youtube.com/watch?v=VNNP_4TYnV4,playable,Carl Nielsen - Symfony nr 3 - Espansiva - The Royal Orchestra - Leonard Bernstein,Demandfulltruth,2425,OK,,2026-09-23T05:29:34+00:00,https://www.youtube.com/watch?v=VNNP_4TYnV4,playable,Carl Nielsen - Symfony nr 3 - Espansiva - The Royal Orchestra - Leonard Bernstein,Demandfulltruth,2425,2026-09-23T05:29:34+00:00,False,,,,
04-28,"Piano Concerto #27 in B-flat, K. 595",Mozart,https://www.youtube.com/watch?v=Yaaksm19IzU,playable,Mozart Piano Concerto No 27 B flat major K 595 Daniel Barenboim Wiener Philharmoniker,Sonorum Concentus Mozart & Classicism,2018,OK,,2026-09-23T05:29:35+00:00,https://www.youtube.com/watch?v=Yaaksm19IzU,playable,Mozart Piano Concerto No 27 B flat major K 595 Daniel Barenboim Wiener Philharmoniker,Sonorum Concentus Mozart & Classicism,2018,2026-09-23T05:29:35+00:00,False,,,,
04-29,"Concerto for Orchestra, Sz. 116",Bartók,https://www.youtube.com/watch?v=9uwpuyc7nS4,playable,"Bartok Concerto for Orchestra, Sz. 116",Prok Prok,2222,OK,,2026-09-23T05:29:36+00:00,https://www.youtube.com/watch?v=9uwpuyc7nS4,playable,"Bartok Concerto for Orchestra, Sz. 116",Prok Prok,2222,2026-09-23T05:29:36+00:00,False,,,,
04-30,Concierto de Aranjuez,Rodrigo,https://www.youtube.com/watch?v=Idsb6gk6j_U,playable,Concierto de Aranjuez. II Adagio. Joaquín Rodrigo. Pablo Saínz Villegas/Carlos Kalmar/ORTVE.,Joaquín Rodrigo,747,OK,,2026-09-23T05:29:37+00:00,https://www.youtube.com/watch?v=Idsb6gk6j_U,playable,Concierto de Aranjuez. II Adagio. Joaquín Rodrigo. Pablo Saínz Villegas/Carlos Kalmar/ORTVE.,Joaquín Rodrigo,747,2026-09-23T05:29:37+00:00,False,,,,
05-01,"Der Erlkönig, D. 328",Schubert,https://www.youtube.com/watch?v=Mrgvbd_OfsA,playable,Der Erlkönig D.328 - F. Schubert - Regula Mühlemann,Regula Mühlemann,247,OK,,2026-09-23T05:29:38+00:00,https://www.youtube.com/watch?v=Mrgvbd_OfsA,playable,Der Erlkönig D.328 - F. Schubert - Regula Mühlemann,Regula Mühlemann,247,2026-09-23T05:29:38+00:00,False,,,,
05-02,"Symphony #5 in B-flat, op. 100",Prokofiev,https://www.youtube.com/watch?v=vCXaPxeSkkI,playable,"Prokofiev - Symphony No 5 in B flat major, Op 100 - Nézet-Séguin",Classical Vault 1,2606,OK,,2026-09-23T05:29:39+00:00,https://www.youtube.com/watch?v=vCXaPxeSkkI,playable,"Prokofiev - Symphony No 5 in B flat major, Op 100 - Nézet-Séguin",Classical Vault 1,2606,2026-09-23T05:29:39+00:00,False,,,,
05-03,"Piano Trio in A minor, op. 67",Ravel,https://www.youtube.com/watch?v=xFfoTqQbjA4,playable,Ravel's Piano Trio in A Minor - La Jolla Music Society SummerFest,University of California Television (UCTV),1700,OK,,2026-09-23T05:29:41+00:00,https://www.youtube.com/watch?v=xFfoTqQbjA4,playable,Ravel's Piano Trio in A Minor - La Jolla Music Society SummerFest,University of California Television (UCTV),1700,2026-09-23T05:29:41+00:00,False,,,,
05-04,Der Ring des Nibelungen (The Ring of the Nibelung),Wagner,https://www.youtube.com/watch?v=1PBhlPeTJ_g,playable,Wagner: Der Ring des Nibelungen (arr. De Vlieger) - Radio Filharmonisch Orkest - Live concert HD,AVROTROS Klassiek,4160,OK,,2026-09-23T05:29:42+00:00,https://www.youtube.com/watch?v=1PBhlPeTJ_g,playable,Wagner: Der Ring des Nibelungen (arr. De Vlieger) - Radio Filharmonisch Orkest - Live concert HD,AVROTROS Klassiek,4160,2026-09-23T05:29:42+00:00,False,,,,
05-05,"Piano Trio #4 in E minor, op. 90 ""Dumky""",Dvořák,https://www.youtube.com/watch?v=vDPkMvUAgqo,playable,"A. Dvořák – Piano Trio No. 4 in E Minor ""Dumky"", Op. 90 (Beaux Arts Trio)",Slavic Spoon,2007,OK,,2026-09-23T05:29:43+00:00,https://www.youtube.com/watch?v=vDPkMvUAgqo,playable,"A. Dvořák – Piano Trio No. 4 in E Minor ""Dumky"", Op. 90 (Beaux Arts Trio)",Slavic Spoon,2007,2026-09-23T05:29:43+00:00,False,,,,
05-06,"Piano Concerto #5 in E-flat, op. 73 'Emperor'",Beethoven,https://www.youtube.com/watch?v=qSeg69d3CQ8,playable,"Beethoven Piano Concerto No. 5 in E-flat major, Op. 73 Adagio Un Poco Mosso",ibakaya,585,OK,,2026-09-23T05:29:44+00:00,https://www.youtube.com/watch?v=qSeg69d3CQ8,playable,"Beethoven Piano Concerto No. 5 in E-flat major, Op. 73 Adagio Un Poco Mosso",ibakaya,585,2026-09-23T05:29:44+00:00,False,,,,
05-07,Tout un monde lointain,Dutilleux,https://www.youtube.com/watch?v=O2qmECLxnCY,playable,Nicolas Altstaedt | DUTILLEUX Tout un monde lointain | Fabien Gabel,Detroit Symphony Orchestra,1788,OK,,2026-09-23T05:29:45+00:00,https://www.youtube.com/watch?v=O2qmECLxnCY,playable,Nicolas Altstaedt | DUTILLEUX Tout un monde lointain | Fabien Gabel,Detroit Symphony Orchestra,1788,2026-09-23T05:29:45+00:00,False,,,,
05-08,Prélude à l'après-midi d'un faune (Prelude to the Afternoon of a Faun),Debussy,https://www.youtube.com/watch?v=Y9iDOt2WbjY,playable,Debussy: Prélude à l’après-midi d’un faune ∙ hr-Sinfonieorchester ∙ Andrés Orozco-Estrada,hr-Sinfonieorchester – Frankfurt Radio Symphony,706,OK,,2026-09-23T05:29:47+00:00,https://www.youtube.com/watch?v=Y9iDOt2WbjY,playable,Debussy: Prélude à l’après-midi d’un faune ∙ hr-Sinfonieorchester ∙ Andrés Orozco-Estrada,hr-Sinfonieorchester – Frankfurt Radio Symphony,706,2026-09-23T05:29:47+00:00,False,,,,
05-09,"Sinfonia concertante in E-flat, K. 364/320d",Mozart,https://www.youtube.com/watch?v=_0hTDZ0whpU,playable,"MOZART~ Sinfonia Concertante , K.364 -  DANIEL BARENBOIM/Staatskapelle Berlin",GreatPerformers1,2023,OK,,2026-09-23T05:29:48+00:00,https://www.youtube.com/watch?v=_0hTDZ0whpU,playable,"MOZART~ Sinfonia Concertante , K.364 -  DANIEL BARENBOIM/Staatskapelle Berlin",GreatPerformers1,2023,2026-09-23T05:29:48+00:00,False,,,,
05-10,Iberia,Albéniz,https://www.youtube.com/watch?v=XkkLsTUTRmw,playable,"Triana (Iberia, VI) - Albéniz",Paco M.,316,OK,,2026-09-23T05:29:49+00:00,https://www.youtube.com/watch?v=XkkLsTUTRmw,playable,"Triana (Iberia, VI) - Albéniz",Paco M.,316,2026-09-23T05:29:49+00:00,False,,,,
05-11,Fantasía para un Gentilhombre,Rodrigo,https://www.youtube.com/watch?v=fnwV92IrClo,playable,"Joaquín Rodrigo, Fantasía para un gentilhombre  - Orquesta Sinfónica de Minería",Orquesta Sinfónica de Minería,1344,OK,,2026-09-23T05:29:51+00:00,https://www.youtube.com/watch?v=fnwV92IrClo,playable,"Joaquín Rodrigo, Fantasía para un gentilhombre  - Orquesta Sinfónica de Minería",Orquesta Sinfónica de Minería,1344,2026-09-23T05:29:51+00:00,False,,,,
05-12,Nocturnes,Chopin,https://www.youtube.com/watch?v=-gDinVAmtA0,playable,Chopin Nocturnes,Wonders of Classical Music,6655,OK,,2026-09-23T05:29:52+00:00,https://www.youtube.com/watch?v=-gDinVAmtA0,playable,Chopin Nocturnes,Wonders of Classical Music,6655,2026-09-23T05:29:52+00:00,False,,,,
05-13,Sinfonietta,Janáček,https://www.youtube.com/watch?v=9aFTv50AoEQ,playable,Janácek - Sinfonietta - Elder,Classical Vault 1,1566,OK,,2026-09-23T05:29:53+00:00,https://www.youtube.com/watch?v=9aFTv50AoEQ,playable,Janácek - Sinfonietta - Elder,Classical Vault 1,1566,2026-09-23T05:29:53+00:00,False,,,,
05-14,"Clarinet Quintet in B minor, op. 115",Brahms,https://www.youtube.com/watch?v=NijYtozUHaw,playable,"Johannes Brahms - Clarinet Quintet in B minor, Op. 115",olla-vogala,2187,OK,,2026-09-23T05:29:54+00:00,https://www.youtube.com/watch?v=NijYtozUHaw,playable,"Johannes Brahms - Clarinet Quintet in B minor, Op. 115",olla-vogala,2187,2026-09-23T05:29:54+00:00,False,,,,
05-15,Ordo Virtutum,Hildegard von Bingen,https://www.youtube.com/watch?v=zUMlhtoGTzY,playable,ORDO VIRTUTUM by Hildegard von Bingen,Ensemble Vocatrix,4190,OK,,2026-09-23T05:29:55+00:00,https://www.youtube.com/watch?v=zUMlhtoGTzY,playable,ORDO VIRTUTUM by Hildegard von Bingen,Ensemble Vocatrix,4190,2026-09-23T05:29:55+00:00,False,,,,
05-16,"String Quartet #6, Sz. 114",Bartók,https://www.youtube.com/watch?v=aR55nJWcJiM,playable,"Béla Bartók - String Quartet No. 6, Sz. 114",invertedninthchord,1747,OK,,2026-09-23T05:29:56+00:00,https://www.youtube.com/watch?v=aR55nJWcJiM,playable,"Béla Bartók - String Quartet No. 6, Sz. 114",invertedninthchord,1747,2026-09-23T05:29:56+00:00,False,,,,
05-17,Missa L'homme armé super voces musicales,Josquin,https://www.youtube.com/watch?v=BKhSYH27Cr4,playable,Missa L'Homme armé super voces musicales,Charles d'Aspermont,2434,OK,,2026-09-23T05:29:58+00:00,https://www.youtube.com/watch?v=BKhSYH27Cr4,playable,Missa L'Homme armé super voces musicales,Charles d'Aspermont,2434,2026-09-23T05:29:58+00:00,False,,,,
05-18,"Piano Sonata #17 in D minor, op. 31/2 ""Tempest""",Beethoven,https://www.youtube.com/watch?v=co6nWmswipo,playable,"Fazıl Say – Beethoven: Piano Sonata No. 17 in D Minor, Op. 31 No. 2, ""The Tempest"": III. Allegretto",Warner Classics,344,OK,,2026-09-23T05:29:59+00:00,https://www.youtube.com/watch?v=co6nWmswipo,playable,"Fazıl Say – Beethoven: Piano Sonata No. 17 in D Minor, Op. 31 No. 2, ""The Tempest"": III. Allegretto",Warner Classics,344,2026-09-23T05:29:59+00:00,False,,,,
05-19,Missa Prolationum,Ockeghem,https://www.youtube.com/watch?v=ZWLsLAujZzI,playable,Johannes Ockeghem - Missa Prolationum - Kyrie,Stephan,324,OK,,2026-09-23T05:30:00+00:00,https://www.youtube.com/watch?v=ZWLsLAujZzI,playable,Johannes Ockeghem - Missa Prolationum - Kyrie,Stephan,324,2026-09-23T05:30:00+00:00,False,,,,
05-20,Symphony of Psalms,Stravinsky,https://www.youtube.com/watch?v=AEx9NxFJ09Y,playable,Stravinsky: Symphony of Psalms - Radio Philharmonic Orchestra and Netherlands Radio Choir - Live HD,AVROTROS Klassiek,1297,OK,,2026-09-23T05:30:01+00:00,https://www.youtube.com/watch?v=AEx9NxFJ09Y,playable,Stravinsky: Symphony of Psalms - Radio Philharmonic Orchestra and Netherlands Radio Choir - Live HD,AVROTROS Klassiek,1297,2026-09-23T05:30:01+00:00,False,,,,
05-21,Le Sacre du printemps (The Rite of Spring),Stravinsky,https://www.youtube.com/watch?v=5UJOaGIhG7A,playable,Stravinsky: Le sacre du printemps / The Rite of Spring - Jaap van Zweden - Full concert in HD,AVROTROS Klassiek,2200,OK,,2026-09-23T05:30:02+00:00,https://www.youtube.com/watch?v=5UJOaGIhG7A,playable,Stravinsky: Le sacre du printemps / The Rite of Spring - Jaap van Zweden - Full concert in HD,AVROTROS Klassiek,2200,2026-09-23T05:30:02+00:00,False,,,,
05-22,"Sonata for Solo Cello, op. 8",Kodály,https://www.youtube.com/watch?v=O0_gw2Lillg,playable,"Zoltán Kodály, Sonata in B minor for solo cello, Op.8, mvt. III, performed by Sebastian Bäverstam",Eidolon Records,547,OK,,2026-09-23T05:30:04+00:00,https://www.youtube.com/watch?v=O0_gw2Lillg,playable,"Zoltán Kodály, Sonata in B minor for solo cello, Op.8, mvt. III, performed by Sebastian Bäverstam",Eidolon Records,547,2026-09-23T05:30:04+00:00,False,,,,
05-23,"Symphony #5 in D minor, op. 47",Shostakovich,https://www.youtube.com/watch?v=9AQMA0XLuAo,deleted_or_unavailable,,,,ERROR,This video is unavailable,2026-09-23T05:30:04+00:00,https://www.youtube.com/watch?v=cg0M4LzEITQ,playable,Schostakowitsch: 5. Sinfonie ∙ hr-Sinfonieorchester ∙ David Afkham,hr-Sinfonieorchester – Frankfurt Radio Symphony,3336,2026-09-23T05:36:04+00:00,True,完整的肖斯塔科维奇第五交响曲 Op.47；法兰克福广播交响乐团官方频道。,ERROR: [youtube] 9AQMA0XLuAo: This video is unavailable,yt-dlp: public metadata and audio formats available; no media downloaded,2026-09-23T05:33:08+00:00
05-24,"Brandenburg Concertos, BWV 1046-1051",Bach,https://www.youtube.com/watch?v=rEzecIGYktA,playable,"Bach: Brandenburg concertos, BWV 1046 - 1051 (300 anniversary) | Václav Luks & Collegium 1704",Frescos ayres del prado,5788,OK,,2026-09-23T05:30:06+00:00,https://www.youtube.com/watch?v=rEzecIGYktA,playable,"Bach: Brandenburg concertos, BWV 1046 - 1051 (300 anniversary) | Václav Luks & Collegium 1704",Frescos ayres del prado,5788,2026-09-23T05:30:06+00:00,False,,,,
05-25,"Diabelli Variations, op. 120",Beethoven,https://www.youtube.com/watch?v=hTmQU4jEgJw,playable,Beethoven Diabelli Variations Op 120 Alfred Brendel piano,Sonorum Concentus Beethoven,3081,OK,,2026-09-23T05:30:07+00:00,https://www.youtube.com/watch?v=hTmQU4jEgJw,playable,Beethoven Diabelli Variations Op 120 Alfred Brendel piano,Sonorum Concentus Beethoven,3081,2026-09-23T05:30:07+00:00,False,,,,
05-26,"Symphony #2 ""A London Symphony""",Vaughan Williams,https://www.youtube.com/watch?v=BhKq8W9xhrU,playable,Ralph Vaughan Williams - Sinfonia N°2  A London Symphony,Jean Sébastien Mazzarino,2801,OK,,2026-09-23T05:30:08+00:00,https://www.youtube.com/watch?v=BhKq8W9xhrU,playable,Ralph Vaughan Williams - Sinfonia N°2  A London Symphony,Jean Sébastien Mazzarino,2801,2026-09-23T05:30:08+00:00,False,,,,
05-27,"Requiem Mass in D minor, K. 626",Mozart,https://www.youtube.com/watch?v=qiMcXzfm9Mg,playable,"Mozart- Requiem In D Minor, K 626 - Requiem",ToniDamnation,416,OK,,2026-09-23T05:30:10+00:00,https://www.youtube.com/watch?v=qiMcXzfm9Mg,playable,"Mozart- Requiem In D Minor, K 626 - Requiem",ToniDamnation,416,2026-09-23T05:30:10+00:00,False,,,,
05-28,"String Quartet #4, Sz. 91",Bartók,https://www.youtube.com/watch?v=E_XNfKk-Qbs,playable,Quatuor Ebène : Bela Bartok  String quartet Nr. 4 C-major Sz 91,FestivalWissembourg,1626,OK,,2026-09-23T05:30:11+00:00,https://www.youtube.com/watch?v=E_XNfKk-Qbs,playable,Quatuor Ebène : Bela Bartok  String quartet Nr. 4 C-major Sz 91,FestivalWissembourg,1626,2026-09-23T05:30:11+00:00,False,,,,
05-29,Vespro della Beata Vergine 1610,Monteverdi,https://www.youtube.com/watch?v=3GYjNj75MFI,playable,Claudio Monteverdi - Vespro della Beata Vergine 1610,olla-vogala,5240,OK,,2026-09-23T05:30:12+00:00,https://www.youtube.com/watch?v=3GYjNj75MFI,playable,Claudio Monteverdi - Vespro della Beata Vergine 1610,olla-vogala,5240,2026-09-23T05:30:12+00:00,False,,,,
05-30,"Academic Festival Overture, op. 80",Brahms,https://www.youtube.com/watch?v=R5pzr5655yw,playable,"Brahms - Academic Festival Overture, Op 80 - Järvi",Classical Vault 1,618,OK,,2026-09-23T05:30:13+00:00,https://www.youtube.com/watch?v=R5pzr5655yw,playable,"Brahms - Academic Festival Overture, Op 80 - Järvi",Classical Vault 1,618,2026-09-23T05:30:13+00:00,False,,,,
05-31,"Preludes, op. 28",Chopin,https://www.youtube.com/watch?v=CU9RgI9j7Do,playable,Chopin - Prelude in E Minor (Op. 28 No. 4),Rousseau,198,OK,,2026-09-23T05:30:14+00:00,https://www.youtube.com/watch?v=CU9RgI9j7Do,playable,Chopin - Prelude in E Minor (Op. 28 No. 4),Rousseau,198,2026-09-23T05:30:14+00:00,False,,,,
06-01,"Symphony #104 in D ""London""",Haydn,https://www.youtube.com/watch?v=OitPLIowJ70,playable,Haydn - Symphony No. 104 - London (Proms 2012),Mandetriens,1735,OK,,2026-09-23T05:30:16+00:00,https://www.youtube.com/watch?v=OitPLIowJ70,playable,Haydn - Symphony No. 104 - London (Proms 2012),Mandetriens,1735,2026-09-23T05:30:16+00:00,False,,,,
06-02,"Symphony #9 in D minor, op. 125 ""Choral""",Beethoven,https://www.youtube.com/watch?v=-v8SQRIKntE,playable,"Symphony No. 9 in D Minor 'Choral', Op. 125: ""Ode to Joy""",ClassicalCentral,385,OK,,2026-09-23T05:30:17+00:00,https://www.youtube.com/watch?v=-v8SQRIKntE,playable,"Symphony No. 9 in D Minor 'Choral', Op. 125: ""Ode to Joy""",ClassicalCentral,385,2026-09-23T05:30:17+00:00,False,,,,
06-03,"Russian Easter Festival Overture, op. 36",Rimsky-Korsakov,https://www.youtube.com/watch?v=z4e8CvxV4Ho,playable,"Nikolai Rimsky-Korsakov - Russian Easter Festival Overture, Op. 36 (1888)",Bartje Bartmans,869,OK,,2026-09-23T05:30:18+00:00,https://www.youtube.com/watch?v=z4e8CvxV4Ho,playable,"Nikolai Rimsky-Korsakov - Russian Easter Festival Overture, Op. 36 (1888)",Bartje Bartmans,869,2026-09-23T05:30:18+00:00,False,,,,
06-04,Symphony #1 in D 'Titan',Mahler,https://www.youtube.com/watch?v=ISBfOpztUZM,playable,"Mahler - Symphony No. 1 ""Titan"" (Bernstein, VPO) FULL VIDEO",Amadeus Radio,3322,OK,,2026-09-23T05:30:19+00:00,https://www.youtube.com/watch?v=ISBfOpztUZM,playable,"Mahler - Symphony No. 1 ""Titan"" (Bernstein, VPO) FULL VIDEO",Amadeus Radio,3322,2026-09-23T05:30:19+00:00,False,,,,
06-05,"Symphony #38 in D, K. 504 ""Prague""",Mozart,https://www.youtube.com/watch?v=1t18CpBuJJM,playable,Mozart: Sinfonie Nr. 38 D-Dur KV 504 (»Prager«) ∙ hr-Sinfonieorchester ∙ Philippe Herreweghe,hr-Sinfonieorchester – Frankfurt Radio Symphony,2242,OK,,2026-09-23T05:30:21+00:00,https://www.youtube.com/watch?v=1t18CpBuJJM,playable,Mozart: Sinfonie Nr. 38 D-Dur KV 504 (»Prager«) ∙ hr-Sinfonieorchester ∙ Philippe Herreweghe,hr-Sinfonieorchester – Frankfurt Radio Symphony,2242,2026-09-23T05:30:21+00:00,False,,,,
06-06,"Piano Sonata #30 in E, op. 109",Beethoven,https://www.youtube.com/watch?v=luiOoylLTvc,playable,Beethoven Piano Sonata Op 109 No 30 in E major FULL,Anastasia Huppmann,1099,OK,,2026-09-23T05:30:22+00:00,https://www.youtube.com/watch?v=luiOoylLTvc,playable,Beethoven Piano Sonata Op 109 No 30 in E major FULL,Anastasia Huppmann,1099,2026-09-23T05:30:22+00:00,False,,,,
06-07,"Symphony #4 in F minor, op. 36",Tchaikovsky,https://www.youtube.com/watch?v=KqV0RGR3Oh8,playable,"Tchaikovsky - Symphony No. 4 in F minor, Op. 36 (Mariinsky Theatre Orchestra, Valery Gergiev)",wocomoMUSIC,2803,OK,,2026-09-23T05:30:23+00:00,https://www.youtube.com/watch?v=KqV0RGR3Oh8,playable,"Tchaikovsky - Symphony No. 4 in F minor, Op. 36 (Mariinsky Theatre Orchestra, Valery Gergiev)",wocomoMUSIC,2803,2026-09-23T05:30:23+00:00,False,,,,
06-08,"Concerti Grossi (12), op. 6",Corelli,https://www.youtube.com/watch?v=UNsrdjzLrzM,deleted_or_unavailable,,,,ERROR,This video is unavailable,2026-09-23T05:30:24+00:00,https://www.youtube.com/watch?v=pLSCaSUhaEU,playable,Corelli: Concerti Grossi Op. 6,Brilliant Classics,7844,2026-09-23T05:36:05+00:00,True,科雷利 Op.6 全套12首大协奏曲；Brilliant Classics 唱片公司，Musica Amphion 古乐器演奏。,ERROR: [youtube] UNsrdjzLrzM: This video is unavailable,yt-dlp: public metadata and audio formats available; no media downloaded,2026-09-23T05:33:14+00:00
06-09,Aida,Verdi,https://www.youtube.com/watch?v=b8rsOzPzYr8,playable,Verdi: Aida - San Francisco Opera (starring Luciano Pavarotti),Warner Classics,9780,OK,,2026-09-23T05:30:26+00:00,https://www.youtube.com/watch?v=b8rsOzPzYr8,playable,Verdi: Aida - San Francisco Opera (starring Luciano Pavarotti),Warner Classics,9780,2026-09-23T05:30:26+00:00,False,,,,
06-10,Sonatas and Interludes for Prepared Piano,Cage,https://www.youtube.com/watch?v=jRHoKZRYBlY,playable,"John Cage - Sonata V (from Sonatas and Interludes) - Inara Ferreira, prepared piano",Inara Ferreira,99,OK,,2026-09-23T05:30:26+00:00,https://www.youtube.com/watch?v=jRHoKZRYBlY,playable,"John Cage - Sonata V (from Sonatas and Interludes) - Inara Ferreira, prepared piano",Inara Ferreira,99,2026-09-23T05:30:26+00:00,False,,,,
06-11,Das wohltemperierte Klavier (The Well-Tempered Clavier),Bach,https://www.youtube.com/watch?v=gVah1cr3pU0,playable,"Lang Lang – Bach: The Well-Tempered Clavier: Book 1, 1.Prelude C Major, BWV 846",Deutsche Grammophon - DG,168,OK,,2026-09-23T05:30:28+00:00,https://www.youtube.com/watch?v=gVah1cr3pU0,playable,"Lang Lang – Bach: The Well-Tempered Clavier: Book 1, 1.Prelude C Major, BWV 846",Deutsche Grammophon - DG,168,2026-09-23T05:30:28+00:00,False,,,,
06-12,"Cello Concerto in B minor, op. 104",Dvořák,https://www.youtube.com/watch?v=nJSlmoXpzfM,playable,Dvorák - Concerto in B minor Op. 104 / Mstislav Rostropovich,Inaldo Nascimento,2601,OK,,2026-09-23T05:30:29+00:00,https://www.youtube.com/watch?v=nJSlmoXpzfM,playable,Dvorák - Concerto in B minor Op. 104 / Mstislav Rostropovich,Inaldo Nascimento,2601,2026-09-23T05:30:29+00:00,False,,,,
06-13,"Fantasia in F minor for piano four-hands, D. 940",Schubert,https://www.youtube.com/watch?v=UyjzqPPXDcw,playable,Schubert: Fantasie in F minor - Lucas & Arthur Jussen,Lucas & Arthur Jussen,1102,OK,,2026-09-23T05:30:30+00:00,https://www.youtube.com/watch?v=UyjzqPPXDcw,playable,Schubert: Fantasie in F minor - Lucas & Arthur Jussen,Lucas & Arthur Jussen,1102,2026-09-23T05:30:30+00:00,False,,,,
06-14,Petrushka,Stravinsky,https://www.youtube.com/watch?v=esD90diWZds,playable,Stravinsky: Petroesjka / Petrouchka Concertgebouw Orchestra Live concert HD,AVROTROS Klassiek,2330,OK,,2026-09-23T05:30:31+00:00,https://www.youtube.com/watch?v=esD90diWZds,playable,Stravinsky: Petroesjka / Petrouchka Concertgebouw Orchestra Live concert HD,AVROTROS Klassiek,2330,2026-09-23T05:30:31+00:00,False,,,,
06-15,"Slavonic Dances, opp. 46 & 72",Dvořák,https://www.youtube.com/watch?v=e4kTHnGfhvE,playable,"Antonin Dvorák - Slavonic Dance op 72, Nr. 2,  Berliner Philharmoniker, Silvesterkonzert 2018",Schandermann,365,OK,,2026-09-23T05:30:33+00:00,https://www.youtube.com/watch?v=e4kTHnGfhvE,playable,"Antonin Dvorák - Slavonic Dance op 72, Nr. 2,  Berliner Philharmoniker, Silvesterkonzert 2018",Schandermann,365,2026-09-23T05:30:33+00:00,False,,,,
06-16,"Piano Sonata #19 in C minor, D. 958",Schubert,https://www.youtube.com/watch?v=_OEaXf8uZUg,playable,"Schubert - Piano Sonata No. 19 in C Minor, D.958 (Audio+Sheet) [Kempff]",PianoJFAudioSheet,1796,OK,,2026-09-23T05:30:34+00:00,https://www.youtube.com/watch?v=_OEaXf8uZUg,playable,"Schubert - Piano Sonata No. 19 in C Minor, D.958 (Audio+Sheet) [Kempff]",PianoJFAudioSheet,1796,2026-09-23T05:30:34+00:00,False,,,,
06-17,Das Lied von der Erde,Mahler,https://www.youtube.com/watch?v=Npy4gjZ81F0,deleted_or_unavailable,,,,ERROR,Video unavailable,2026-09-23T05:30:34+00:00,https://www.youtube.com/watch?v=R81yPON9IHI,playable,Mahler: Das Lied von der Erde / Peter Oundjian · Toronto Symphony Orchestra,Toronto Symphony Orchestra,4138,2026-09-23T05:36:06+00:00,True,完整的马勒大地之歌，男高音与女中音及管弦乐队；多伦多交响乐团官方频道。,ERROR: [youtube] Npy4gjZ81F0: Video unavailable,yt-dlp: public metadata and audio formats available; no media downloaded,2026-09-23T05:33:19+00:00
06-18,"Preludes and Fugues (24), op. 87",Shostakovich,https://www.youtube.com/watch?v=dz7JgJGZeyg,playable,"Dmitri Shostakovich - Prelude and Fugue No. 24, Op. 87 (1950-1951)",Александр,703,OK,,2026-09-23T05:30:36+00:00,https://www.youtube.com/watch?v=dz7JgJGZeyg,playable,"Dmitri Shostakovich - Prelude and Fugue No. 24, Op. 87 (1950-1951)",Александр,703,2026-09-23T05:30:36+00:00,False,,,,
06-19,Fantasia on a Theme by Thomas Tallis,Vaughan Williams,https://www.youtube.com/watch?v=e6pEIHtffqQ,playable,Vaughan Williams - Fantasia on a Theme by Thomas Tallis,Philharmonia Orchestra,1085,OK,,2026-09-23T05:30:37+00:00,https://www.youtube.com/watch?v=e6pEIHtffqQ,playable,Vaughan Williams - Fantasia on a Theme by Thomas Tallis,Philharmonia Orchestra,1085,2026-09-23T05:30:37+00:00,False,,,,
06-20,Mystery (Rosary) Sonatas,Biber,https://www.youtube.com/watch?v=jd2wYGeGsn4&list=PLvszsPl-ZIE6zfwDQ5RafOT3ObUOQ6CA_,playable,"Heinrich Ignaz Franz Biber – Mystery Sonatas (Rosary Sonatas), n. 1",SP's score videos,370,OK,,2026-09-23T05:30:39+00:00,https://www.youtube.com/watch?v=jd2wYGeGsn4&list=PLvszsPl-ZIE6zfwDQ5RafOT3ObUOQ6CA_,playable,"Heinrich Ignaz Franz Biber – Mystery Sonatas (Rosary Sonatas), n. 1",SP's score videos,370,2026-09-23T05:30:39+00:00,False,,,,
06-21,Ballades,Chopin,https://www.youtube.com/watch?v=cV_xvsH_EDk,playable,Zimerman Plays Chopin 4 Ballades,shahar31,2118,OK,,2026-09-23T05:30:40+00:00,https://www.youtube.com/watch?v=cV_xvsH_EDk,playable,Zimerman Plays Chopin 4 Ballades,shahar31,2118,2026-09-23T05:30:40+00:00,False,,,,
06-22,Lieder ohne Worte (Songs Without Words),Mendelssohn,https://www.youtube.com/watch?v=CdDazqakigY,playable,Mendelssohn: Songs Without Words - Lieder Ohne Worte (Full Album),Brilliant Classics,7268,OK,,2026-09-23T05:30:41+00:00,https://www.youtube.com/watch?v=CdDazqakigY,playable,Mendelssohn: Songs Without Words - Lieder Ohne Worte (Full Album),Brilliant Classics,7268,2026-09-23T05:30:41+00:00,False,,,,
06-23,"String Quartet #12 in E-flat, op. 127",Beethoven,https://www.youtube.com/watch?v=rmQGgCAwgiE,playable,"Ludwig van Beethoven - String Quartet No. 12, Op. 127",olla-vogala,2234,OK,,2026-09-23T05:30:42+00:00,https://www.youtube.com/watch?v=rmQGgCAwgiE,playable,"Ludwig van Beethoven - String Quartet No. 12, Op. 127",olla-vogala,2234,2026-09-23T05:30:42+00:00,False,,,,
06-24,"Rhapsody on a Theme of Paganini, op. 43",Rachmaninoff,https://www.youtube.com/watch?v=ThTU04p3drM,playable,"Daniil Trifonov – Rachmaninov: Rhapsody On A Theme Of Paganini, Op.43, Variation 18",Deutsche Grammophon - DG,176,OK,,2026-09-23T05:30:43+00:00,https://www.youtube.com/watch?v=ThTU04p3drM,playable,"Daniil Trifonov – Rachmaninov: Rhapsody On A Theme Of Paganini, Op.43, Variation 18",Deutsche Grammophon - DG,176,2026-09-23T05:30:43+00:00,False,,,,
06-25,"Symphony #4 in C-sharp minor, op. 21",Magnard,https://www.youtube.com/watch?v=JfIid0DXZ8k,playable,"Albéric Magnard - Symphony No. 4 in C-Sharp Minor, Op. 21",invertedninthchord,2215,OK,,2026-09-23T05:30:45+00:00,https://www.youtube.com/watch?v=JfIid0DXZ8k,playable,"Albéric Magnard - Symphony No. 4 in C-Sharp Minor, Op. 21",invertedninthchord,2215,2026-09-23T05:30:45+00:00,False,,,,
06-26,"Christmas Oratorio, BWV 248",Bach,https://www.youtube.com/watch?v=yHTqP5s12eg,playable,Johann Sebastian Bach: Christmas Oratorio  BWV 248 Part 1,Norwegian Chamber Orchestra,1492,OK,,2026-09-23T05:30:46+00:00,https://www.youtube.com/watch?v=yHTqP5s12eg,playable,Johann Sebastian Bach: Christmas Oratorio  BWV 248 Part 1,Norwegian Chamber Orchestra,1492,2026-09-23T05:30:46+00:00,False,,,,
06-27,"Symphony #6 in D minor, op. 104",Sibelius,https://www.youtube.com/watch?v=SIcjeoRLcoE,playable,"Sibelius - Symphony No 6 in D minor, Op 104 - Salonen",Cantus 5,1704,OK,,2026-09-23T05:30:47+00:00,https://www.youtube.com/watch?v=SIcjeoRLcoE,playable,"Sibelius - Symphony No 6 in D minor, Op 104 - Salonen",Cantus 5,1704,2026-09-23T05:30:47+00:00,False,,,,
06-28,Chants d'Auvergne,Canteloube,https://www.youtube.com/watch?v=24iMnUiRjzk,playable,Véronique Gens chante les Chants d'Auvergne de Canteloube (extraits),France Musique concerts,980,OK,,2026-09-23T05:30:48+00:00,https://www.youtube.com/watch?v=24iMnUiRjzk,playable,Véronique Gens chante les Chants d'Auvergne de Canteloube (extraits),France Musique concerts,980,2026-09-23T05:30:48+00:00,False,,,,
06-29,"Great Mass in C minor, K. 427",Mozart,https://www.youtube.com/watch?v=Ez0kqVShFEs,playable,"Mozart: Great Mass in C minor, K. 427 - Radio Philharmonic Orchestra - Live Concert HD",AVROTROS Klassiek,3430,OK,,2026-09-23T05:30:50+00:00,https://www.youtube.com/watch?v=Ez0kqVShFEs,playable,"Mozart: Great Mass in C minor, K. 427 - Radio Philharmonic Orchestra - Live Concert HD",AVROTROS Klassiek,3430,2026-09-23T05:30:50+00:00,False,,,,
06-30,"Piano Sonata #7 in B-flat, op. 83",Prokofiev,https://www.youtube.com/watch?v=h21KSLqj7HA,playable,"Prokofiev Piano Sonata No. 7 in B-flat Major, Op. 83, ""Stalingrad"" (Pollini)",Prok Prok,1019,OK,,2026-09-23T05:30:51+00:00,https://www.youtube.com/watch?v=h21KSLqj7HA,playable,"Prokofiev Piano Sonata No. 7 in B-flat Major, Op. 83, ""Stalingrad"" (Pollini)",Prok Prok,1019,2026-09-23T05:30:51+00:00,False,,,,
07-01,"Piano Sonata in B minor, S.178",Liszt,https://www.youtube.com/watch?v=36SDx8bue08,playable,"Seong-jin Cho - Liszt : Piano Sonata in B Minor, S.178",Cho Rabbit,1893,OK,,2026-09-23T05:30:52+00:00,https://www.youtube.com/watch?v=36SDx8bue08,playable,"Seong-jin Cho - Liszt : Piano Sonata in B Minor, S.178",Cho Rabbit,1893,2026-09-23T05:30:52+00:00,False,,,,
07-02,"La Mer, L 109",Debussy,https://www.youtube.com/watch?v=b51FcFpwwgw,playable,"Debussy: La mer, CD 111: I. De l'aube à midi sur la mer",Berliner Philharmoniker - Topic,539,OK,,2026-09-23T05:30:53+00:00,https://www.youtube.com/watch?v=b51FcFpwwgw,playable,"Debussy: La mer, CD 111: I. De l'aube à midi sur la mer",Berliner Philharmoniker - Topic,539,2026-09-23T05:30:53+00:00,False,,,,
07-03,"Danse Macabre, op. 40",Saint-Saëns,https://www.youtube.com/watch?v=YyknBTm_YyM,playable,Camille Saint-Saëns - Danse Macabre,DistantMirrors,430,OK,,2026-09-23T05:30:54+00:00,https://www.youtube.com/watch?v=YyknBTm_YyM,playable,Camille Saint-Saëns - Danse Macabre,DistantMirrors,430,2026-09-23T05:30:54+00:00,False,,,,
07-04,"Symphony #2 in D, op. 73",Brahms,https://www.youtube.com/watch?v=O_7cH_AyCXg,playable,"Brahms - Symphony No. 2 in D major, Op. 73 (Zubin Mehta & Israel Philharmonic Orchestra)",EuroArtsChannel,2405,OK,,2026-09-23T05:30:55+00:00,https://www.youtube.com/watch?v=O_7cH_AyCXg,playable,"Brahms - Symphony No. 2 in D major, Op. 73 (Zubin Mehta & Israel Philharmonic Orchestra)",EuroArtsChannel,2405,2026-09-23T05:30:55+00:00,False,,,,
07-05,"Cello Sonata #1 in E minor, op. 38",Brahms,https://www.youtube.com/watch?v=J7ecdXzSADE,playable,Johannes Brahms: Cello Sonata e minor op. 38,stahlsaite,1527,OK,,2026-09-23T05:30:57+00:00,https://www.youtube.com/watch?v=J7ecdXzSADE,playable,Johannes Brahms: Cello Sonata e minor op. 38,stahlsaite,1527,2026-09-23T05:30:57+00:00,False,,,,
07-06,"Horn Trio in E-flat, op. 40",Brahms,https://www.youtube.com/watch?v=WWRJYpDtd7c,playable,"BRAHMS: Trio for Violin, Horn and Piano in E-flat major, Op. 40 - ChamberFest Cleveland (2019)",ChamberFest Cleveland,1840,OK,,2026-09-23T05:30:58+00:00,https://www.youtube.com/watch?v=WWRJYpDtd7c,playable,"BRAHMS: Trio for Violin, Horn and Piano in E-flat major, Op. 40 - ChamberFest Cleveland (2019)",ChamberFest Cleveland,1840,2026-09-23T05:30:58+00:00,False,,,,
07-07,"Lemminkäinen Suite, op. 22, including ""The Swan of Tuonela""",Sibelius,https://www.youtube.com/watch?v=pvVgU61cIbs,playable,"Jean Sibelius： Lemminkäinen Suite, Op.22",Pacific 231,2974,OK,,2026-09-23T05:30:59+00:00,https://www.youtube.com/watch?v=pvVgU61cIbs,playable,"Jean Sibelius： Lemminkäinen Suite, Op.22",Pacific 231,2974,2026-09-23T05:30:59+00:00,False,,,,
07-08,"Piano Sonata #29 in B-flat, op. 106 'Hammerklavier'",Beethoven,https://www.youtube.com/watch?v=FwZsDzGY1XA,playable,Beethoven Sonata N° 29 'Hammerklavier'   Daniel Barenboim,Ahmed Barod,2982,OK,,2026-09-23T05:31:00+00:00,https://www.youtube.com/watch?v=FwZsDzGY1XA,playable,Beethoven Sonata N° 29 'Hammerklavier'   Daniel Barenboim,Ahmed Barod,2982,2026-09-23T05:31:00+00:00,False,,,,
07-09,Gaspard de la nuit,Ravel,https://www.youtube.com/watch?v=n_yIgrkSNzE,playable,Ravel - Gaspard de la nuit (Full),Rousseau,1340,OK,,2026-09-23T05:31:01+00:00,https://www.youtube.com/watch?v=n_yIgrkSNzE,playable,Ravel - Gaspard de la nuit (Full),Rousseau,1340,2026-09-23T05:31:01+00:00,False,,,,
07-10,"Piano Quintet #2 in A, op. 81",Dvořák,https://www.youtube.com/watch?v=eFMV63zy-Xk,playable,"Dvořák: Piano Quintet No. 2, Op. 81 - Janine Jansen - International Chamber Music Festival 2019",AVROTROS Klassiek,2488,OK,,2026-09-23T05:31:03+00:00,https://www.youtube.com/watch?v=eFMV63zy-Xk,playable,"Dvořák: Piano Quintet No. 2, Op. 81 - Janine Jansen - International Chamber Music Festival 2019",AVROTROS Klassiek,2488,2026-09-23T05:31:03+00:00,False,,,,
07-11,"String Quartet #8 in C minor, op. 110",Shostakovich,https://www.youtube.com/watch?v=41HIXtBElH4,playable,"Emerson String Quartet: Shostakovich Quartet No. 8 in C minor, Op. 110",Michael Parloff,1315,OK,,2026-09-23T05:31:04+00:00,https://www.youtube.com/watch?v=41HIXtBElH4,playable,"Emerson String Quartet: Shostakovich Quartet No. 8 in C minor, Op. 110",Michael Parloff,1315,2026-09-23T05:31:04+00:00,False,,,,
07-12,Schelomo,Bloch,https://www.youtube.com/watch?v=RRGMPCXS_yM,playable,Bloch: Schelomo – Hebräische Rhapsodie ∙ hr-Sinfonieorchester ∙ Jan Vogler ∙ Eliahu Inbal,hr-Sinfonieorchester – Frankfurt Radio Symphony,1466,OK,,2026-09-23T05:31:05+00:00,https://www.youtube.com/watch?v=RRGMPCXS_yM,playable,Bloch: Schelomo – Hebräische Rhapsodie ∙ hr-Sinfonieorchester ∙ Jan Vogler ∙ Eliahu Inbal,hr-Sinfonieorchester – Frankfurt Radio Symphony,1466,2026-09-23T05:31:05+00:00,False,,,,
07-13,"Symphony #7 in C, op. 60 ""Leningrad""",Shostakovich,https://www.youtube.com/watch?v=favVFUe6igc,deleted_or_unavailable,,,,ERROR,This video is unavailable,2026-09-23T05:31:06+00:00,https://www.youtube.com/watch?v=GB3zR_X25UU,playable,Schostakowitsch: 7. Sinfonie (»Leningrader«) ∙ hr-Sinfonieorchester ∙ Klaus Mäkelä,hr-Sinfonieorchester – Frankfurt Radio Symphony,5017,2026-09-23T05:36:07+00:00,True,完整的肖斯塔科维奇第七交响曲 Op.60；法兰克福广播交响乐团官方频道。,ERROR: [youtube] favVFUe6igc: This video is unavailable,yt-dlp: public metadata and audio formats available; no media downloaded,2026-09-23T05:33:25+00:00
07-14,La traviata,Verdi,https://www.youtube.com/watch?v=pu7zWrIMV_g,playable,1993 Pavarotti  Verdi La Traviata - Brindisi,G. Jerry Louison,303,OK,,2026-09-23T05:31:07+00:00,https://www.youtube.com/watch?v=pu7zWrIMV_g,playable,1993 Pavarotti  Verdi La Traviata - Brindisi,G. Jerry Louison,303,2026-09-23T05:31:07+00:00,False,,,,
07-15,"Piano Concerto #1 in B-flat minor, op. 23",Tchaikovsky,https://www.youtube.com/watch?v=BWerj8FcprM,playable,Tchaikovsky - Piano Concerto 1 (B Flat Minor),The Wicked North,550,OK,,2026-09-23T05:31:09+00:00,https://www.youtube.com/watch?v=BWerj8FcprM,playable,Tchaikovsky - Piano Concerto 1 (B Flat Minor),The Wicked North,550,2026-09-23T05:31:09+00:00,False,,,,
07-16,"Requiem in D minor, op. 48",Fauré,https://www.youtube.com/watch?v=4xZbnY5jQSk,playable,"VOCES8: Requiem, Op. 48 by Gabriel Fauré",VOCES8,2104,OK,,2026-09-23T05:31:10+00:00,https://www.youtube.com/watch?v=4xZbnY5jQSk,playable,"VOCES8: Requiem, Op. 48 by Gabriel Fauré",VOCES8,2104,2026-09-23T05:31:10+00:00,False,,,,
07-17,Vier letzte Lieder (Four Last Songs),"Strauss, R.",https://www.youtube.com/watch?v=RdRq7ynfkHs,playable,"Richard Strauss - Vier Letzte Lieder | Four Last Songs | Jessye Norman, Wolfgang Sawallisch [HD]",Adagietto,1492,OK,,2026-09-23T05:31:11+00:00,https://www.youtube.com/watch?v=RdRq7ynfkHs,playable,"Richard Strauss - Vier Letzte Lieder | Four Last Songs | Jessye Norman, Wolfgang Sawallisch [HD]",Adagietto,1492,2026-09-23T05:31:11+00:00,False,,,,
07-18,"Octet for Strings in E-flat, op. 20",Mendelssohn,https://www.youtube.com/watch?v=KrITNrgQHuE,playable,"Felix Mendelssohn - String Octet in E flat major, Op. 20",olla-vogala,1685,OK,,2026-09-23T05:31:13+00:00,https://www.youtube.com/watch?v=KrITNrgQHuE,playable,"Felix Mendelssohn - String Octet in E flat major, Op. 20",olla-vogala,1685,2026-09-23T05:31:13+00:00,False,,,,
07-19,"Le nozze di Figaro (The Marriage of Figaro), K. 492",Mozart,https://www.youtube.com/watch?v=Mp6UAGN_Ir4,playable,Mozart - The Marriage of Figaro Overture (K.492) - Wiener Symphoniker - Fabio Luisi (HD),kocaonur,270,OK,,2026-09-23T05:31:14+00:00,https://www.youtube.com/watch?v=Mp6UAGN_Ir4,playable,Mozart - The Marriage of Figaro Overture (K.492) - Wiener Symphoniker - Fabio Luisi (HD),kocaonur,270,2026-09-23T05:31:14+00:00,False,,,,
07-20,"Symphony #5 in E-flat, op. 82",Sibelius,https://www.youtube.com/watch?v=1iLHxeR3BlQ,playable,"Symphony No. 5 in E flat major, Op. 82 - Allegro molto",Jean Sibelius - Topic,554,OK,,2026-09-23T05:31:15+00:00,https://www.youtube.com/watch?v=1iLHxeR3BlQ,playable,"Symphony No. 5 in E flat major, Op. 82 - Allegro molto",Jean Sibelius - Topic,554,2026-09-23T05:31:15+00:00,False,,,,
07-21,"Piano Quintet #2 in E-flat minor, op. 26",Dohnányi,https://www.youtube.com/watch?v=4ceJgiFWGMM,playable,Ernő Dohnányi - Piano Quintet No. 2 in E-Flat minor Op. 26 [score + audio],AdamMusicWorld | Adam Schreiber,1442,OK,,2026-09-23T05:31:16+00:00,https://www.youtube.com/watch?v=4ceJgiFWGMM,playable,Ernő Dohnányi - Piano Quintet No. 2 in E-Flat minor Op. 26 [score + audio],AdamMusicWorld | Adam Schreiber,1442,2026-09-23T05:31:16+00:00,False,,,,
07-22,"Piano Quintet in G minor, op. 57",Shostakovich,https://www.youtube.com/watch?v=UEPiqK-jqTc,playable,"Dmitri Shostakovich - Piano Quintet in G minor, Op. 57",olla-vogala,2160,OK,,2026-09-23T05:31:17+00:00,https://www.youtube.com/watch?v=UEPiqK-jqTc,playable,"Dmitri Shostakovich - Piano Quintet in G minor, Op. 57",olla-vogala,2160,2026-09-23T05:31:17+00:00,False,,,,
07-23,"String Quartet #13 in B-flat, op. 130 and the Große Fuge, op. 133",Beethoven,https://www.youtube.com/watch?v=XAgdd2VqLVc,playable,"Ludwig van Beethoven - Grosse Fuge, Op. 133",olla-vogala,939,OK,,2026-09-23T05:31:18+00:00,https://www.youtube.com/watch?v=XAgdd2VqLVc,playable,"Ludwig van Beethoven - Grosse Fuge, Op. 133",olla-vogala,939,2026-09-23T05:31:18+00:00,False,,,,
07-24,"String Sextet #1 in B-flat, op. 18",Brahms,https://www.youtube.com/watch?v=qTChy5-gDO8,playable,"Johannes Brahms - String Sextet No. 1 in B-Flat Major, Op. 18",invertedninthchord,2057,OK,,2026-09-23T05:31:19+00:00,https://www.youtube.com/watch?v=qTChy5-gDO8,playable,"Johannes Brahms - String Sextet No. 1 in B-Flat Major, Op. 18",invertedninthchord,2057,2026-09-23T05:31:19+00:00,False,,,,
07-25,Missa Papae Marcelli,Palestrina,https://www.youtube.com/watch?v=3n8XdKkrqgo,playable,Kyrie - Missa Papae Marcelli - Palestrina,morphthing1,279,OK,,2026-09-23T05:31:21+00:00,https://www.youtube.com/watch?v=3n8XdKkrqgo,playable,Kyrie - Missa Papae Marcelli - Palestrina,morphthing1,279,2026-09-23T05:31:21+00:00,False,,,,
07-26,"Knoxville, Summer of 1915, op. 24",Barber,https://www.youtube.com/watch?v=E0PaUMOjziI,playable,"Barber: Knoxville: Summer of 1915, Op. 24",Renée Fleming - Topic,929,OK,,2026-09-23T05:31:22+00:00,https://www.youtube.com/watch?v=E0PaUMOjziI,playable,"Barber: Knoxville: Summer of 1915, Op. 24",Renée Fleming - Topic,929,2026-09-23T05:31:22+00:00,False,,,,
07-27,"Symphony #4 in C minor, op. 43",Shostakovich,https://www.youtube.com/watch?v=-Us8ElJ3yUY,deleted_or_unavailable,,,,ERROR,This video is unavailable,2026-09-23T05:31:23+00:00,https://www.youtube.com/watch?v=KzmcnMrRHR4,playable,Schostakowitsch: 4. Sinfonie ∙ hr-Sinfonieorchester ∙ Alain Altinoglu,hr-Sinfonieorchester – Frankfurt Radio Symphony,4146,2026-09-23T05:36:08+00:00,True,完整的肖斯塔科维奇第四交响曲 Op.43；法兰克福广播交响乐团官方频道。,ERROR: [youtube] -Us8ElJ3yUY: This video is unavailable,yt-dlp: public metadata and audio formats available; no media downloaded,2026-09-23T05:33:30+00:00
07-28,La Bohème,Puccini,https://www.youtube.com/watch?v=KP3lV-YvCYM,playable,Puccini - La Bohème - Musetta's Waltz,The Wicked North,182,OK,,2026-09-23T05:31:25+00:00,https://www.youtube.com/watch?v=KP3lV-YvCYM,playable,Puccini - La Bohème - Musetta's Waltz,The Wicked North,182,2026-09-23T05:31:25+00:00,False,,,,
07-29,"String Quintet #2 in G, op. 111",Brahms,https://www.youtube.com/watch?v=Ye2pDTJNm6U,playable,"Johannes Brahms: String Quintet No. 2 in G Major, Op. 111",SpringLightMusic,1723,OK,,2026-09-23T05:31:26+00:00,https://www.youtube.com/watch?v=Ye2pDTJNm6U,playable,"Johannes Brahms: String Quintet No. 2 in G Major, Op. 111",SpringLightMusic,1723,2026-09-23T05:31:26+00:00,False,,,,
07-30,"Passacaglia and Fugue in C minor, BWV 582",Bach,https://www.youtube.com/watch?v=zzBXZ__LN_M,playable,Bach - Passacaglia in C minor BWV 582 - Smits | Netherlands Bach Society,Netherlands Bach Society,761,OK,,2026-09-23T05:31:27+00:00,https://www.youtube.com/watch?v=zzBXZ__LN_M,playable,Bach - Passacaglia in C minor BWV 582 - Smits | Netherlands Bach Society,Netherlands Bach Society,761,2026-09-23T05:31:27+00:00,False,,,,
07-31,"Pierrot Lunaire, op. 21",Schoenberg,https://www.youtube.com/watch?v=YbTn7Y9XAhA,playable,Schoenberg Pierrot Lunaire Op. 21. 1. Mondestrunken. Partitura. Interpretación.,Musicnetmaterials,101,OK,,2026-09-23T05:31:28+00:00,https://www.youtube.com/watch?v=YbTn7Y9XAhA,playable,Schoenberg Pierrot Lunaire Op. 21. 1. Mondestrunken. Partitura. Interpretación.,Musicnetmaterials,101,2026-09-23T05:31:28+00:00,False,,,,
08-01,"Violin Sonata #2 in A, op. 100",Brahms,https://www.youtube.com/watch?v=p73MD6QHpIQ,playable,Augustin Hadelich and Orion Weiss play Brahms sonata no. 2 in A Major Op. 100,Augustin Hadelich,1196,OK,,2026-09-23T05:31:29+00:00,https://www.youtube.com/watch?v=p73MD6QHpIQ,playable,Augustin Hadelich and Orion Weiss play Brahms sonata no. 2 in A Major Op. 100,Augustin Hadelich,1196,2026-09-23T05:31:29+00:00,False,,,,
08-02,"Symphony #8 in C minor, op. 65",Shostakovich,https://www.youtube.com/watch?v=9jFesZ-jxRw,deleted_or_unavailable,,,,ERROR,This video is unavailable,2026-09-23T05:31:30+00:00,https://www.youtube.com/watch?v=9CaXNxh8msw,playable,Schostakowitsch – Sinfonie Nr. 8 c-Moll op. 65 | Teodor Currentzis | SWR Symphonieorchester,ARD Klassik,4134,2026-09-23T05:36:10+00:00,True,完整的肖斯塔科维奇第八交响曲 Op.65；ARD Klassik 官方频道，SWR交响乐团。,ERROR: [youtube] 9jFesZ-jxRw: This video is unavailable,yt-dlp: public metadata and audio formats available; no media downloaded,2026-09-23T05:34:23+00:00
08-03,Romeo and Juliet Fantasy-Overture,Tchaikovsky,https://www.youtube.com/watch?v=_Od7gx3Dc-U,playable,Tchaikovsky - Romeo and Juliet (Fantasy Overture),The Wicked North,1225,OK,,2026-09-23T05:31:32+00:00,https://www.youtube.com/watch?v=_Od7gx3Dc-U,playable,Tchaikovsky - Romeo and Juliet (Fantasy Overture),The Wicked North,1225,2026-09-23T05:31:32+00:00,False,,,,
08-04,"Romeo and Juliet, op. 64",Prokofiev,https://www.youtube.com/watch?v=XX6GHiFKovw,playable,"Prokofiev: Romeo and Juliet, Op. 64 / Act 1: Dance Of The Knights",The Cleveland Orchestra - Topic,308,OK,,2026-09-23T05:31:33+00:00,https://www.youtube.com/watch?v=XX6GHiFKovw,playable,"Prokofiev: Romeo and Juliet, Op. 64 / Act 1: Dance Of The Knights",The Cleveland Orchestra - Topic,308,2026-09-23T05:31:33+00:00,False,,,,
08-05,"Piano Concerto #2 in G minor, op. 22",Saint-Saëns,https://www.youtube.com/watch?v=tVCvJZtzkqQ,playable,"Arthur Rubinstein - Saint-Saëns - Piano Concerto No 2 in G minor, Op 22",Classical Vault 1,1573,OK,,2026-09-23T05:31:34+00:00,https://www.youtube.com/watch?v=tVCvJZtzkqQ,playable,"Arthur Rubinstein - Saint-Saëns - Piano Concerto No 2 in G minor, Op 22",Classical Vault 1,1573,2026-09-23T05:31:34+00:00,False,,,,
08-06,"Piano Concerto #24 in C minor, K. 491",Mozart,https://www.youtube.com/watch?v=POWVTXuB68I,playable,"Mozart, Piano Concert Nr  24 c Moll KV 491   Rudolf Buchbinder Piano & Conducter, Wiener Phi",Ahmed Barod,1840,OK,,2026-09-23T05:31:36+00:00,https://www.youtube.com/watch?v=POWVTXuB68I,playable,"Mozart, Piano Concert Nr  24 c Moll KV 491   Rudolf Buchbinder Piano & Conducter, Wiener Phi",Ahmed Barod,1840,2026-09-23T05:31:36+00:00,False,,,,
08-07,St. John's Night on Bare Mountain (Night on Bald Mountain),Mussorgsky,https://www.youtube.com/watch?v=iCEDfZgDPS8,playable,Mussorgsky - Night on Bald Mountain,The Wicked North,580,OK,,2026-09-23T05:31:36+00:00,https://www.youtube.com/watch?v=iCEDfZgDPS8,playable,Mussorgsky - Night on Bald Mountain,The Wicked North,580,2026-09-23T05:31:36+00:00,False,,,,
08-08,"String Quartets, op. 76 'Erdödy'",Haydn,https://www.youtube.com/watch?v=k5IR5Wt0yEw,playable,"Haydn   Takács Quartet   6 String Quartets, op  76",Music Relaxing Nature,4176,OK,,2026-09-23T05:31:37+00:00,https://www.youtube.com/watch?v=k5IR5Wt0yEw,playable,"Haydn   Takács Quartet   6 String Quartets, op  76",Music Relaxing Nature,4176,2026-09-23T05:31:37+00:00,False,,,,
08-09,"Violin Concerto #1 in A minor, BWV 1041",Bach,https://www.youtube.com/watch?v=J7TFSsqnpHY,playable,"Daniel Lozakovich – Bach: Violin Concerto No.1 In A Minor, BWV 1041: I. Allegro moderato",Deutsche Grammophon - DG,242,OK,,2026-09-23T05:31:39+00:00,https://www.youtube.com/watch?v=J7TFSsqnpHY,playable,"Daniel Lozakovich – Bach: Violin Concerto No.1 In A Minor, BWV 1041: I. Allegro moderato",Deutsche Grammophon - DG,242,2026-09-23T05:31:39+00:00,False,,,,
08-10,Black Angels (Thirteen Images from the Dark Land),Crumb,https://www.youtube.com/watch?v=v1K_iAmrO4U,playable,George Crumb: Black Angels - Thirteen Images from the Dark Land,Nerida Quartett,1205,OK,,2026-09-23T05:31:40+00:00,https://www.youtube.com/watch?v=v1K_iAmrO4U,playable,George Crumb: Black Angels - Thirteen Images from the Dark Land,Nerida Quartett,1205,2026-09-23T05:31:40+00:00,False,,,,
08-11,"Goldberg Variations, BWV 988",Bach,https://www.youtube.com/watch?v=55hk75OgWDg,playable,"Lang Lang - Bach: Goldberg Variations, BWV 988: Aria",LangLangVEVO,347,OK,,2026-09-23T05:31:41+00:00,https://www.youtube.com/watch?v=55hk75OgWDg,playable,"Lang Lang - Bach: Goldberg Variations, BWV 988: Aria",LangLangVEVO,347,2026-09-23T05:31:41+00:00,False,,,,
08-12,"Symphony #9 in C, D. 944 'Great'",Schubert,https://www.youtube.com/watch?v=bA6pzRx6gBE,playable,"Schubert - Symphony No 9 in C major, D 944 - Muti",Classical Vault 1,3381,OK,,2026-09-23T05:31:42+00:00,https://www.youtube.com/watch?v=bA6pzRx6gBE,playable,"Schubert - Symphony No 9 in C major, D 944 - Muti",Classical Vault 1,3381,2026-09-23T05:31:42+00:00,False,,,,
08-13,"Tapiola, op. 112",Sibelius,https://www.youtube.com/watch?v=d7WhYC7bMFA,playable,"Jean Sibelius - Tapiola, Op. 112",invertedninthchord,1204,OK,,2026-09-23T05:31:43+00:00,https://www.youtube.com/watch?v=d7WhYC7bMFA,playable,"Jean Sibelius - Tapiola, Op. 112",invertedninthchord,1204,2026-09-23T05:31:43+00:00,False,,,,
08-14,"Kinderszenen, op. 15",Schumann,https://www.youtube.com/watch?v=yibf6QNjgGU,playable,"Schumann - Kinderszenen Op.15, ""Scenes from Childhood"" | Vladimir Horowitz",Adagietto,1083,OK,,2026-09-23T05:31:45+00:00,https://www.youtube.com/watch?v=yibf6QNjgGU,playable,"Schumann - Kinderszenen Op.15, ""Scenes from Childhood"" | Vladimir Horowitz",Adagietto,1083,2026-09-23T05:31:45+00:00,False,,,,
08-15,Violin Sonata in A,Franck,https://www.youtube.com/watch?v=YCp5XC2rsEM,playable,César Franck - Violin Sonata,olla-vogala,1742,OK,,2026-09-23T05:31:46+00:00,https://www.youtube.com/watch?v=YCp5XC2rsEM,playable,César Franck - Violin Sonata,olla-vogala,1742,2026-09-23T05:31:46+00:00,False,,,,
08-16,"Toccata and Fugue in D minor, BWV 565",Bach,https://www.youtube.com/watch?v=Nnuq9PXbywA,playable,J.S. Bach - Toccata and Fugue in D minor BWV 565,JustASuicidalGirl,512,OK,,2026-09-23T05:31:47+00:00,https://www.youtube.com/watch?v=Nnuq9PXbywA,playable,J.S. Bach - Toccata and Fugue in D minor BWV 565,JustASuicidalGirl,512,2026-09-23T05:31:47+00:00,False,,,,
08-17,"Partitas for Keyboard #1-6, BWV 825-830 (Clavier-Übung I)",Bach,https://www.youtube.com/watch?v=feikrhaRFTk&list=PLmdMr9Or9Em6s1BpWOZtw_C972__Wu3Dx,playable,"Bach: Keyboard Partita No.1 in B-flat Major, BWV 825 (Blechacz, Anderszewski)",Ashish Xiangyi Kumar,2099,OK,,2026-09-23T05:31:48+00:00,https://www.youtube.com/watch?v=feikrhaRFTk&list=PLmdMr9Or9Em6s1BpWOZtw_C972__Wu3Dx,playable,"Bach: Keyboard Partita No.1 in B-flat Major, BWV 825 (Blechacz, Anderszewski)",Ashish Xiangyi Kumar,2099,2026-09-23T05:31:48+00:00,False,,,,
08-18,"Symphony #5 in B-flat, D. 485",Schubert,https://www.youtube.com/watch?v=cdLuvGsjwlA,playable,"Schubert / Symphony No. 5 in B-flat major, D. 485 (Mackerras)",scrymgeour34,1735,OK,,2026-09-23T05:31:50+00:00,https://www.youtube.com/watch?v=cdLuvGsjwlA,playable,"Schubert / Symphony No. 5 in B-flat major, D. 485 (Mackerras)",scrymgeour34,1735,2026-09-23T05:31:50+00:00,False,,,,
08-19,"Piano Quintet #1 in D minor, op. 89",Fauré,https://www.youtube.com/watch?v=T9lASiozqM8,playable,"Fauré - Piano Quintet No.1 in D minor, Op.89 (score)",お宮 Omiya,1970,OK,,2026-09-23T05:31:51+00:00,https://www.youtube.com/watch?v=T9lASiozqM8,playable,"Fauré - Piano Quintet No.1 in D minor, Op.89 (score)",お宮 Omiya,1970,2026-09-23T05:31:51+00:00,False,,,,
08-20,"Impromptus, D. 899 & 935",Schubert,https://www.youtube.com/watch?v=24DugWBRkYg,playable,"Alfred Brendel - Schubert - Four Impromptus, D 899",Classical Vault 1,1698,OK,,2026-09-23T05:31:52+00:00,https://www.youtube.com/watch?v=24DugWBRkYg,playable,"Alfred Brendel - Schubert - Four Impromptus, D 899",Classical Vault 1,1698,2026-09-23T05:31:52+00:00,False,,,,
08-21,Le Tombeau de Couperin,Ravel,https://www.youtube.com/watch?v=7NA4j3VhGY4,playable,Ravel: Le tombeau de Couperin ∙ hr-Sinfonieorchester ∙ Jaime Martín,hr-Sinfonieorchester – Frankfurt Radio Symphony,1263,OK,,2026-09-23T05:31:53+00:00,https://www.youtube.com/watch?v=7NA4j3VhGY4,playable,Ravel: Le tombeau de Couperin ∙ hr-Sinfonieorchester ∙ Jaime Martín,hr-Sinfonieorchester – Frankfurt Radio Symphony,1263,2026-09-23T05:31:53+00:00,False,,,,
08-22,"Images pour piano, L 110 & 111",Debussy,https://www.youtube.com/watch?v=xM-omvkkHkk,playable,"Debussy : Images II, L.111 - I. Cloches à travers les feuilles",Vincent Cucheval,309,OK,,2026-09-23T05:31:55+00:00,https://www.youtube.com/watch?v=xM-omvkkHkk,playable,"Debussy : Images II, L.111 - I. Cloches à travers les feuilles",Vincent Cucheval,309,2026-09-23T05:31:55+00:00,False,,,,
08-23,"Violin Concerto in D, op. 61",Beethoven,https://www.youtube.com/watch?v=W8hQSMxa7gk,playable,"L. V. Beethoven - Violin Concerto in D major Op, 61 (David Oistrakh)",ClassicalMusicTVHD,2736,OK,,2026-09-23T05:31:56+00:00,https://www.youtube.com/watch?v=W8hQSMxa7gk,playable,"L. V. Beethoven - Violin Concerto in D major Op, 61 (David Oistrakh)",ClassicalMusicTVHD,2736,2026-09-23T05:31:56+00:00,False,,,,
08-24,"""Enigma"" Variations on an Original Theme, op. 36",Elgar,https://www.youtube.com/watch?v=7iM5dymBBI4,playable,"Edward Elgar - Enigma Variations, Op.36: IX. (Nimrod)",Queensland Symphony Orchestra,247,OK,,2026-09-23T05:31:57+00:00,https://www.youtube.com/watch?v=7iM5dymBBI4,playable,"Edward Elgar - Enigma Variations, Op.36: IX. (Nimrod)",Queensland Symphony Orchestra,247,2026-09-23T05:31:57+00:00,False,,,,
08-25,"Symphony #3 in F, op. 90",Brahms,https://www.youtube.com/watch?v=4L0MqnAoEJM,playable,"Brahms, Symphony Nr  3 F Dur op  90   Leonard Bernstein, Wiener Philharmoniker",Ahmed Barod,2741,OK,,2026-09-23T05:31:58+00:00,https://www.youtube.com/watch?v=4L0MqnAoEJM,playable,"Brahms, Symphony Nr  3 F Dur op  90   Leonard Bernstein, Wiener Philharmoniker",Ahmed Barod,2741,2026-09-23T05:31:58+00:00,False,,,,
08-26,"Piano Concerto in A minor, op. 54",Schumann,https://www.youtube.com/watch?v=Ynky7qoPnUU,playable,"Schumann Piano Concerto, in A minor, OP. 54 Martha Argerich & Riccardo Chailly",classicmusic541,2194,OK,,2026-09-23T05:31:59+00:00,https://www.youtube.com/watch?v=Ynky7qoPnUU,playable,"Schumann Piano Concerto, in A minor, OP. 54 Martha Argerich & Riccardo Chailly",classicmusic541,2194,2026-09-23T05:31:59+00:00,False,,,,
08-27,Appalachian Spring,Copland,https://www.youtube.com/watch?v=TXV8yO1FucA,playable,Copland: Appalachian Spring,Philharmonia Orchestra,1627,OK,,2026-09-23T05:32:01+00:00,https://www.youtube.com/watch?v=TXV8yO1FucA,playable,Copland: Appalachian Spring,Philharmonia Orchestra,1627,2026-09-23T05:32:01+00:00,False,,,,
08-28,"String Quartets, op. 20 ""Sun""",Haydn,https://www.youtube.com/watch?v=hedAbM5qk_A,playable,"Haydn - String Quartet Op. 20 ""Sun"" No. 4 1st mv.t - Piano Transcription [tbpt44]",travelsbypiano,619,OK,,2026-09-23T05:32:02+00:00,https://www.youtube.com/watch?v=hedAbM5qk_A,playable,"Haydn - String Quartet Op. 20 ""Sun"" No. 4 1st mv.t - Piano Transcription [tbpt44]",travelsbypiano,619,2026-09-23T05:32:02+00:00,False,,,,
08-29,From Me Flows What You Call Time,Takemitsu,https://www.youtube.com/watch?v=kWipy3Q6gAI,playable,Toru Takemitsu. From me flows what you call Time,Silicua hibrido,1739,OK,,2026-09-23T05:32:03+00:00,https://www.youtube.com/watch?v=kWipy3Q6gAI,playable,Toru Takemitsu. From me flows what you call Time,Silicua hibrido,1739,2026-09-23T05:32:03+00:00,False,,,,
08-30,"Symphony #6 'Pastoral' in F, op. 68",Beethoven,https://www.youtube.com/watch?v=t2VY33VXnrQ,playable,BEETHOVEN Symphony No  6 (Pastoral) in F Op 68  LEONARD BERNSTEIN,roger bridgland,2743,OK,,2026-09-23T05:32:04+00:00,https://www.youtube.com/watch?v=t2VY33VXnrQ,playable,BEETHOVEN Symphony No  6 (Pastoral) in F Op 68  LEONARD BERNSTEIN,roger bridgland,2743,2026-09-23T05:32:04+00:00,False,,,,
08-31,"Symphony #3 in A minor, op. 56 'Scottish'",Mendelssohn,https://www.youtube.com/watch?v=Q-zoNEO55yU,playable,"Mendelssohn - Symphony No. 3 in A minor, Op. 56 (Scottish) Kurt Masur, Gewandhausorchestra",EuroArtsChannel,2381,OK,,2026-09-23T05:32:05+00:00,https://www.youtube.com/watch?v=Q-zoNEO55yU,playable,"Mendelssohn - Symphony No. 3 in A minor, Op. 56 (Scottish) Kurt Masur, Gewandhausorchestra",EuroArtsChannel,2381,2026-09-23T05:32:05+00:00,False,,,,
09-01,"Harp Concerto ""Lyra Angelica""",Alwyn,https://www.youtube.com/watch?v=U1VEJrQRzqI,playable,"William Alwyn : Lyra Angelica, Concerto for harp and string orchestra (1954)",Rodders,1835,OK,,2026-09-23T05:32:06+00:00,https://www.youtube.com/watch?v=U1VEJrQRzqI,playable,"William Alwyn : Lyra Angelica, Concerto for harp and string orchestra (1954)",Rodders,1835,2026-09-23T05:32:06+00:00,False,,,,
09-02,"Symphony #7 in D minor, op. 70",Dvořák,https://www.youtube.com/watch?v=V3CCe_UUHtw,playable,"Antonin Dvorak Symphony No. 7 in D minor,  op 70",Evan-Alexis Christ (formerly Evan Christ),2340,OK,,2026-09-23T05:32:08+00:00,https://www.youtube.com/watch?v=V3CCe_UUHtw,playable,"Antonin Dvorak Symphony No. 7 in D minor,  op 70",Evan-Alexis Christ (formerly Evan Christ),2340,2026-09-23T05:32:08+00:00,False,,,,
09-03,"String Quartet in G minor, L 85",Debussy,https://www.youtube.com/watch?v=OrChfYDQFRc,playable,"DEBUSSY // String Quartet in G Minor, Op. 10, L. 85: I. Animé et très décidé by Quatuor Van Kuijk",Alpha Classics,413,OK,,2026-09-23T05:32:10+00:00,https://www.youtube.com/watch?v=OrChfYDQFRc,playable,"DEBUSSY // String Quartet in G Minor, Op. 10, L. 85: I. Animé et très décidé by Quatuor Van Kuijk",Alpha Classics,413,2026-09-23T05:32:10+00:00,False,,,,
09-04,"Scheherazade, op. 35",Rimsky-Korsakov,https://www.youtube.com/watch?v=zY4w4_W30aQ,playable,Rimsky-Korsakov: Scheherazade op.35 - Leif Segerstam - Sinfónica de Galicia,SinfonicadeGalicia,3128,OK,,2026-09-23T05:32:10+00:00,https://www.youtube.com/watch?v=zY4w4_W30aQ,playable,Rimsky-Korsakov: Scheherazade op.35 - Leif Segerstam - Sinfónica de Galicia,SinfonicadeGalicia,3128,2026-09-23T05:32:10+00:00,False,,,,
09-05,"Piano Quintet #2 in C minor, op. 115",Fauré,https://www.youtube.com/watch?v=eCytVmL30lc,playable,"Fauré - Piano Quintet No.2 in C minor, Op.115 (score)",お宮 Omiya,2013,OK,,2026-09-23T05:32:12+00:00,https://www.youtube.com/watch?v=eCytVmL30lc,playable,"Fauré - Piano Quintet No.2 in C minor, Op.115 (score)",お宮 Omiya,2013,2026-09-23T05:32:12+00:00,False,,,,
09-06,"War Requiem, op. 66",Britten,https://www.youtube.com/watch?v=ym7W3J34vJo,playable,"Britten - War Requiem (J.E.Gardiner, 1993)",classicroom,5226,OK,,2026-09-23T05:32:12+00:00,https://www.youtube.com/watch?v=ym7W3J34vJo,playable,"Britten - War Requiem (J.E.Gardiner, 1993)",classicroom,5226,2026-09-23T05:32:12+00:00,False,,,,
09-07,"Finlandia, op. 26",Sibelius,https://www.youtube.com/watch?v=qOSaT6U4e-8,playable,Sibelius - Finlandia op. 26 (Opening of the new Helsinki music hall),Lhargy,522,OK,,2026-09-23T05:32:14+00:00,https://www.youtube.com/watch?v=qOSaT6U4e-8,playable,Sibelius - Finlandia op. 26 (Opening of the new Helsinki music hall),Lhargy,522,2026-09-23T05:32:14+00:00,False,,,,
09-08,"English Suites, BWV 806-811",Bach,https://www.youtube.com/watch?v=rJq80yxHeAQ,deleted_or_unavailable,J. S. Bach – 6 English Suites BWV 806–811 - Glenn Gould,vermann,6773,UNPLAYABLE,Video unavailable,2026-09-23T05:32:15+00:00,https://www.youtube.com/watch?v=55UY3crQp4o,playable,Glenn Gould -  BACH: English Suites BWV 806-811,ChroNotes,6676,2026-09-23T05:36:11+00:00,True,保留原视频的 Glenn Gould 钢琴演奏及 BWV 806–811 全六套英国组曲范围。,ERROR: [youtube] rJq80yxHeAQ: Video unavailable,yt-dlp: public metadata and audio formats available; no media downloaded,2026-09-23T05:34:29+00:00
09-09,"Symphony #5 in C minor, op. 67",Beethoven,https://www.youtube.com/watch?v=-VVXqNt4qU0,playable,Beethoven - Symphony No 5 in C minor Op 67,Mario Calogiuri,2361,OK,,2026-09-23T05:32:16+00:00,https://www.youtube.com/watch?v=-VVXqNt4qU0,playable,Beethoven - Symphony No 5 in C minor Op 67,Mario Calogiuri,2361,2026-09-23T05:32:16+00:00,False,,,,
09-10,Piano Concerto in G,Ravel,https://www.youtube.com/watch?v=cJOW5mlhH_Y,playable,Martha Argerich: Ravel - Piano Concerto in G Major | Nobel Prize Concert 2009,EuroArtsChannel,1419,OK,,2026-09-23T05:32:17+00:00,https://www.youtube.com/watch?v=cJOW5mlhH_Y,playable,Martha Argerich: Ravel - Piano Concerto in G Major | Nobel Prize Concert 2009,EuroArtsChannel,1419,2026-09-23T05:32:17+00:00,False,,,,
09-11,"Magnificat in D, BWV 243",Bach,https://www.youtube.com/watch?v=YSzWDc8UoN0,playable,"Karajan - Bach: Magnificat in D major, BWV 243",光Choir,2031,OK,,2026-09-23T05:32:18+00:00,https://www.youtube.com/watch?v=YSzWDc8UoN0,playable,"Karajan - Bach: Magnificat in D major, BWV 243",光Choir,2031,2026-09-23T05:32:18+00:00,False,,,,
09-12,"Piano Sonata #18 in G, D 894",Schubert,https://www.youtube.com/watch?v=cBisjKwg43U,playable,Schubert Piano Sonata No 18 D 894 G major Alfred Brendel,Sonorum Concentus Haydn & Schubert,2214,OK,,2026-09-23T05:32:20+00:00,https://www.youtube.com/watch?v=cBisjKwg43U,playable,Schubert Piano Sonata No 18 D 894 G major Alfred Brendel,Sonorum Concentus Haydn & Schubert,2214,2026-09-23T05:32:20+00:00,False,,,,
09-13,"Piano Concerto #1 in D minor, op. 15",Brahms,https://www.youtube.com/watch?v=1jB_6fpYY3o,playable,"Johannes Brahms - Piano Concerto No. 1 in D minor, Op. 15 - Maurizio Pollini",Les beaux-arts channel,3033,OK,,2026-09-23T05:32:21+00:00,https://www.youtube.com/watch?v=1jB_6fpYY3o,playable,"Johannes Brahms - Piano Concerto No. 1 in D minor, Op. 15 - Maurizio Pollini",Les beaux-arts channel,3033,2026-09-23T05:32:21+00:00,False,,,,
09-14,"Piano Sonata #14 in C-sharp minor, op. 27/2 ""Moonlight""",Beethoven,https://www.youtube.com/watch?v=796jkaAHmx4,playable,"Piano Sonata No. 14 in C sharp minor ('Moonlight'), Op. 27-2- Adagio sostenuto Ludwig van Beethoven",sonatamoonlight,380,OK,,2026-09-23T05:32:22+00:00,https://www.youtube.com/watch?v=796jkaAHmx4,playable,"Piano Sonata No. 14 in C sharp minor ('Moonlight'), Op. 27-2- Adagio sostenuto Ludwig van Beethoven",sonatamoonlight,380,2026-09-23T05:32:22+00:00,False,,,,
09-15,"Mass in B minor, BWV 232",Bach,https://www.youtube.com/watch?v=3FLbiDrn8IE,playable,Bach - Mass in B minor BWV 232 - Van Veldhoven | Netherlands Bach Society,Netherlands Bach Society,6522,OK,,2026-09-23T05:32:23+00:00,https://www.youtube.com/watch?v=3FLbiDrn8IE,playable,Bach - Mass in B minor BWV 232 - Van Veldhoven | Netherlands Bach Society,Netherlands Bach Society,6522,2026-09-23T05:32:23+00:00,False,,,,
09-16,"Concerto for Violin, Piano, and String Quartet in D, op. 21",Chausson,https://www.youtube.com/watch?v=gsrypUDnlcw,playable,"Ernest Chausson - Concert for Violin, Piano and String Quartet, Op. 21 (1891)",Bartje Bartmans,2353,OK,,2026-09-23T05:32:24+00:00,https://www.youtube.com/watch?v=gsrypUDnlcw,playable,"Ernest Chausson - Concert for Violin, Piano and String Quartet, Op. 21 (1891)",Bartje Bartmans,2353,2026-09-23T05:32:24+00:00,False,,,,
09-17,"Symphony #5, op. 50",Nielsen,https://www.youtube.com/watch?v=pOohguxFpKY,playable,Carl Nielsen: Sinfonie Nr. 5 op. 50 | Herbert Blomstedt | NDR Elbphilharmonie Orchester,ARD Klassik,2363,OK,,2026-09-23T05:32:26+00:00,https://www.youtube.com/watch?v=pOohguxFpKY,playable,Carl Nielsen: Sinfonie Nr. 5 op. 50 | Herbert Blomstedt | NDR Elbphilharmonie Orchester,ARD Klassik,2363,2026-09-23T05:32:26+00:00,False,,,,
09-18,L'Orfeo,Monteverdi,https://www.youtube.com/watch?v=jUep3sqe35o,playable,Claudio Monteverdi - L`Orfeo,Charles Souza,5707,OK,,2026-09-23T05:32:27+00:00,https://www.youtube.com/watch?v=jUep3sqe35o,playable,Claudio Monteverdi - L`Orfeo,Charles Souza,5707,2026-09-23T05:32:27+00:00,False,,,,
09-19,"Symphony #8 in C minor, WAB 108",Bruckner,https://www.youtube.com/watch?v=YI0LdVgi2cg,playable,"Bruckner: Symphony No. 8 in C Minor, WAB 108 (1890 Version, Ed. Nowak) : IV. Finale. Feierlich,...",Chicago Symphony Orchestra - Topic,1221,OK,,2026-09-23T05:32:28+00:00,https://www.youtube.com/watch?v=YI0LdVgi2cg,playable,"Bruckner: Symphony No. 8 in C Minor, WAB 108 (1890 Version, Ed. Nowak) : IV. Finale. Feierlich,...",Chicago Symphony Orchestra - Topic,1221,2026-09-23T05:32:28+00:00,False,,,,
09-20,"Cello Concerto in E minor, op. 85",Elgar,https://www.youtube.com/watch?v=8hi8oAw0aUE,playable,Edward Elgar - Cello Concerto in E minor (Op.85),Le Maestro,482,OK,,2026-09-23T05:32:30+00:00,https://www.youtube.com/watch?v=8hi8oAw0aUE,playable,Edward Elgar - Cello Concerto in E minor (Op.85),Le Maestro,482,2026-09-23T05:32:30+00:00,False,,,,
09-21,"Symphony #103 in E-flat ""Drumroll""",Haydn,https://www.youtube.com/watch?v=6GXAmM_gau0,playable,Tapiola Sinfonietta: Joseph Haydn − Symphony No. 103 Drum Roll,Tapiola Sinfonietta,1875,OK,,2026-09-23T05:32:31+00:00,https://www.youtube.com/watch?v=6GXAmM_gau0,playable,Tapiola Sinfonietta: Joseph Haydn − Symphony No. 103 Drum Roll,Tapiola Sinfonietta,1875,2026-09-23T05:32:31+00:00,False,,,,
09-22,Kindertotenlieder,Mahler,https://www.youtube.com/watch?v=9edKNmyiLBc,playable,Gustav Mahler - Kindertotenlieder,Adagietto,1580,OK,,2026-09-23T05:32:32+00:00,https://www.youtube.com/watch?v=9edKNmyiLBc,playable,Gustav Mahler - Kindertotenlieder,Adagietto,1580,2026-09-23T05:32:32+00:00,False,,,,
09-23,"Má Vlast (My Country), including Vltava (The Moldau)",Smetana,https://www.youtube.com/watch?v=l6kqu2mk-Kw,playable,Smetana: Vltava (The Moldau) - Stunning Performance,zevnikov,880,OK,,2026-09-23T05:32:34+00:00,https://www.youtube.com/watch?v=l6kqu2mk-Kw,playable,Smetana: Vltava (The Moldau) - Stunning Performance,zevnikov,880,2026-09-23T05:32:34+00:00,False,,,,
09-24,"Piano Trio #1 in D minor, op. 49",Mendelssohn,https://www.youtube.com/watch?v=-PAFzEnJ6NU,playable,"ATOS Trio: Mendelssohn - Trio no.1 in d-minor, op.49 - live at Wigmore Hall",Thomas Hoppe,2137,OK,,2026-09-23T05:32:34+00:00,https://www.youtube.com/watch?v=-PAFzEnJ6NU,playable,"ATOS Trio: Mendelssohn - Trio no.1 in d-minor, op.49 - live at Wigmore Hall",Thomas Hoppe,2137,2026-09-23T05:32:34+00:00,False,,,,
09-25,"Symphony #94 in G ""Surprise""",Haydn,https://www.youtube.com/watch?v=VOLy6JxEDLw,playable,"Haydn, Symphony No. 94 in G Major (Surprise) Second Movement: Andante",Severinus Boethius,361,OK,,2026-09-23T05:32:36+00:00,https://www.youtube.com/watch?v=VOLy6JxEDLw,playable,"Haydn, Symphony No. 94 in G Major (Surprise) Second Movement: Andante",Severinus Boethius,361,2026-09-23T05:32:36+00:00,False,,,,
09-26,"Cello Concerto #1 in E-flat, op. 107",Shostakovich,https://www.youtube.com/watch?v=al3gOZk_ad8,playable,"Shostakovich - Cello Concerto no. 1 in E-flat major, op. 107 (Capuçon / Gergiev / Münchner Phil)",dultz,1844,OK,,2026-09-23T05:32:37+00:00,https://www.youtube.com/watch?v=al3gOZk_ad8,playable,"Shostakovich - Cello Concerto no. 1 in E-flat major, op. 107 (Capuçon / Gergiev / Münchner Phil)",dultz,1844,2026-09-23T05:32:37+00:00,False,,,,
09-27,"Sonatas and Partitas for Solo Violin, BWV 1001-1006",Bach,https://www.youtube.com/watch?v=rKdmGEIMci8,playable,"Bach: Sonatas and Partitas for Solo Violin, BWV 1001-1006 (Violin: Kyung Wha Chung)",Rique Borges,8231,OK,,2026-09-23T05:32:38+00:00,https://www.youtube.com/watch?v=rKdmGEIMci8,playable,"Bach: Sonatas and Partitas for Solo Violin, BWV 1001-1006 (Violin: Kyung Wha Chung)",Rique Borges,8231,2026-09-23T05:32:38+00:00,False,,,,
09-28,Des Canyons aux étoiles,Messiaen,https://www.youtube.com/watch?v=h0N40AVL32U,playable,"Olivier Messiaen: Des canyons aux étoiles (Chung, Orchestre Philharmonique de Radio France)",Rique Borges,5535,OK,,2026-09-23T05:32:39+00:00,https://www.youtube.com/watch?v=h0N40AVL32U,playable,"Olivier Messiaen: Des canyons aux étoiles (Chung, Orchestre Philharmonique de Radio France)",Rique Borges,5535,2026-09-23T05:32:39+00:00,False,,,,
09-29,"Piano Quartet #2 in G minor, op. 45",Fauré,https://www.youtube.com/watch?v=NUzlJpKoQy0,playable,"Fauré - Piano Quartet No. 2 in G minor, Op. 45",Anthony Mondon,1993,OK,,2026-09-23T05:32:40+00:00,https://www.youtube.com/watch?v=NUzlJpKoQy0,playable,"Fauré - Piano Quartet No. 2 in G minor, Op. 45",Anthony Mondon,1993,2026-09-23T05:32:40+00:00,False,,,,
09-30,"Violin Concerto #2 in G, Sz. 112, BB 117",Bartók,https://www.youtube.com/watch?v=AQclbpe8SfA,playable,"Violin Concerto No. 2, Sz. 112, BB 117: I. Allegro non troppo",Béla Bartók - Topic,914,OK,,2026-09-23T05:32:41+00:00,https://www.youtube.com/watch?v=AQclbpe8SfA,playable,"Violin Concerto No. 2, Sz. 112, BB 117: I. Allegro non troppo",Béla Bartók - Topic,914,2026-09-23T05:32:41+00:00,False,,,,
10-01,"Piano Concerto #20 in D minor, K. 466",Mozart,https://www.youtube.com/watch?v=yM8CFR01KwQ,playable,"Mozart: Concerto for piano and Orchestra (d-minor) K.466, Uchida",forye,2049,OK,,2026-09-23T05:32:43+00:00,https://www.youtube.com/watch?v=yM8CFR01KwQ,playable,"Mozart: Concerto for piano and Orchestra (d-minor) K.466, Uchida",forye,2049,2026-09-23T05:32:43+00:00,False,,,,
10-02,"Piano Concerto #2 in C minor, op. 18",Rachmaninoff,https://www.youtube.com/watch?v=rEGOihjqO9w,playable,Rachmaninoff: Piano Concerto no.2 op.18 - Anna Fedorova - Complete Live Concert - HD,AVROTROS Klassiek,2269,OK,,2026-09-23T05:32:44+00:00,https://www.youtube.com/watch?v=rEGOihjqO9w,playable,Rachmaninoff: Piano Concerto no.2 op.18 - Anna Fedorova - Complete Live Concert - HD,AVROTROS Klassiek,2269,2026-09-23T05:32:44+00:00,False,,,,
10-03,"Piano Sonata #23 in F minor, op. 57 'Appassionata'",Beethoven,https://www.youtube.com/watch?v=ACB2a7dOHmU,playable,"Murray Perahia - Beethoven - Piano Sonata No 23 in F minor, Op 57",Classical Vault 3,1470,OK,,2026-09-23T05:32:45+00:00,https://www.youtube.com/watch?v=ACB2a7dOHmU,playable,"Murray Perahia - Beethoven - Piano Sonata No 23 in F minor, Op 57",Classical Vault 3,1470,2026-09-23T05:32:45+00:00,False,,,,
10-04,"Piano Concerto #21 in C, K. 467",Mozart,https://www.youtube.com/watch?v=whTEVQ2OizI,playable,"MOZART - Piano Concerto No. 21 in C major, K. 467",Ignas Maknickas,1647,OK,,2026-09-23T05:32:46+00:00,https://www.youtube.com/watch?v=whTEVQ2OizI,playable,"MOZART - Piano Concerto No. 21 in C major, K. 467",Ignas Maknickas,1647,2026-09-23T05:32:46+00:00,False,,,,
10-05,Symphony #5,Mahler,https://www.youtube.com/watch?v=vOvXhyldUko,playable,Mahler - Symphony No.5 - Abbado - Lucerne Festival Orchestra 2004,José Manuel,4423,OK,,2026-09-23T05:32:48+00:00,https://www.youtube.com/watch?v=vOvXhyldUko,playable,Mahler - Symphony No.5 - Abbado - Lucerne Festival Orchestra 2004,José Manuel,4423,2026-09-23T05:32:48+00:00,False,,,,
10-06,"Symphony #3 in C minor, op. 78 'Organ'",Saint-Saëns,https://www.youtube.com/watch?v=ZWCZq33BrOo,playable,"Saint-Saëns - Symphony No 3 in C minor, Op 78 - Järvi",Classical Vault 1,2190,OK,,2026-09-23T05:32:49+00:00,https://www.youtube.com/watch?v=ZWCZq33BrOo,playable,"Saint-Saëns - Symphony No 3 in C minor, Op 78 - Järvi",Classical Vault 1,2190,2026-09-23T05:32:49+00:00,False,,,,
10-07,"Symphony #3 ""Symphony of Sorrowful Songs,"" op. 36",Górecki,https://www.youtube.com/watch?v=dFKVjM1iMVU,playable,"Henryk Górecki - Symphony No. 3 'Symphony of Sorrowful Songs', Op. 36",invertedninthchord,3200,OK,,2026-09-23T05:32:50+00:00,https://www.youtube.com/watch?v=dFKVjM1iMVU,playable,"Henryk Górecki - Symphony No. 3 'Symphony of Sorrowful Songs', Op. 36",invertedninthchord,3200,2026-09-23T05:32:50+00:00,False,,,,
10-08,Symphonic Metamorphosis of Themes by Carl Maria von Weber,Hindemith,https://www.youtube.com/watch?v=2A8tUpPRyR4,playable,Hindemith - Symphonic Metamorphosis  | Dima Slobodeniouk | SWR Symphonieorchester,ARD Klassik,1298,OK,,2026-09-23T05:32:51+00:00,https://www.youtube.com/watch?v=2A8tUpPRyR4,playable,Hindemith - Symphonic Metamorphosis  | Dima Slobodeniouk | SWR Symphonieorchester,ARD Klassik,1298,2026-09-23T05:32:51+00:00,False,,,,
10-09,"Violin Concerto #1 in A minor, op. 77",Shostakovich,https://www.youtube.com/watch?v=x3iSCa50DFg,playable,"Shostakovich Violin Concerto No. 1 in A minor, Opus 77",Arte das Cordas,2421,OK,,2026-09-23T05:32:52+00:00,https://www.youtube.com/watch?v=x3iSCa50DFg,playable,"Shostakovich Violin Concerto No. 1 in A minor, Opus 77",Arte das Cordas,2421,2026-09-23T05:32:52+00:00,False,,,,
10-10,Metamorphosen,"Strauss, R.",https://www.youtube.com/watch?v=MlpNB0WeQaQ,playable,Richard Strauss: Metamorphosen for 23 strings,Norwegian Chamber Orchestra,1604,OK,,2026-09-23T05:32:54+00:00,https://www.youtube.com/watch?v=MlpNB0WeQaQ,playable,Richard Strauss: Metamorphosen for 23 strings,Norwegian Chamber Orchestra,1604,2026-09-23T05:32:54+00:00,False,,,,
10-11,"String Quartets, op. 33 ""Russian""",Haydn,https://www.youtube.com/watch?v=D4_NyYf2gnY,playable,"String Quartets, Op. 33, No. 5 in G Major, Hob. III:41 ""The Russian Quartets"": IV. Finale....",Quatuor Mosaïques - Topic,326,OK,,2026-09-23T05:32:54+00:00,https://www.youtube.com/watch?v=D4_NyYf2gnY,playable,"String Quartets, Op. 33, No. 5 in G Major, Hob. III:41 ""The Russian Quartets"": IV. Finale....",Quatuor Mosaïques - Topic,326,2026-09-23T05:32:54+00:00,False,,,,
10-12,"Symphony #2 ""Resurrection""",Mahler,https://www.youtube.com/watch?v=wgtSa6XYWdE,playable,"Mahler Symphony no. 2 ""Resurrection"" - London Symphony Orchestra - Leonard Bernstein",Michael Li,5481,OK,,2026-09-23T05:32:56+00:00,https://www.youtube.com/watch?v=wgtSa6XYWdE,playable,"Mahler Symphony no. 2 ""Resurrection"" - London Symphony Orchestra - Leonard Bernstein",Michael Li,5481,2026-09-23T05:32:56+00:00,False,,,,
10-13,On an Overgrown Path,Janáček,https://www.youtube.com/watch?v=V280ixNS5Jc,playable,"Janacek: On an Overgrown Path (Couvert, Pechocova)",Ashish Xiangyi Kumar,3770,OK,,2026-09-23T05:32:57+00:00,https://www.youtube.com/watch?v=V280ixNS5Jc,playable,"Janacek: On an Overgrown Path (Couvert, Pechocova)",Ashish Xiangyi Kumar,3770,2026-09-23T05:32:57+00:00,False,,,,
10-14,"Symphony #39 in E-flat, K. 543",Mozart,https://www.youtube.com/watch?v=rM1LA_bngMQ,playable,"Mozart - Symphony No. 39 in E flat major, K. 543 {Schmidt-Isserstedt}",Bartje Bartmans,1785,OK,,2026-09-23T05:32:58+00:00,https://www.youtube.com/watch?v=rM1LA_bngMQ,playable,"Mozart - Symphony No. 39 in E flat major, K. 543 {Schmidt-Isserstedt}",Bartje Bartmans,1785,2026-09-23T05:32:58+00:00,False,,,,
10-15,"The Nutcracker, op. 71",Tchaikovsky,https://www.youtube.com/watch?v=o_brMBTnFyM,playable,"Tchaikovsky；The Nutcracker Op.71""Pas de deux""",irie1948,336,OK,,2026-09-23T05:33:00+00:00,https://www.youtube.com/watch?v=o_brMBTnFyM,playable,"Tchaikovsky；The Nutcracker Op.71""Pas de deux""",irie1948,336,2026-09-23T05:33:00+00:00,False,,,,
10-16,"Giulio Cesare in Egitto, HWV 17",Handel,https://www.youtube.com/watch?v=ppAUohisvG8,playable,"Sabine Devieilhe sings Handel: Giulio Cesare in Egitto, HWV 17, Act II: Se pietà di me non senti""",Warner Classics,487,OK,,2026-09-23T05:33:01+00:00,https://www.youtube.com/watch?v=ppAUohisvG8,playable,"Sabine Devieilhe sings Handel: Giulio Cesare in Egitto, HWV 17, Act II: Se pietà di me non senti""",Warner Classics,487,2026-09-23T05:33:01+00:00,False,,,,
10-17,"String Quartet #15 in G, D. 887",Schubert,https://www.youtube.com/watch?v=9One__hAjrI,playable,Schubert | String Quartet No. 15 in G Major D. 887 - Esmé Quartet,Südtirol in concert,2762,OK,,2026-09-23T05:33:02+00:00,https://www.youtube.com/watch?v=9One__hAjrI,playable,Schubert | String Quartet No. 15 in G Major D. 887 - Esmé Quartet,Südtirol in concert,2762,2026-09-23T05:33:02+00:00,False,,,,
10-18,"Johannes-Passion, BWV 245",Bach,https://www.youtube.com/watch?v=zMf9XDQBAaI,playable,Bach - St John Passion BWV 245 - Van Veldhoven | Netherlands Bach Society,Netherlands Bach Society,6792,OK,,2026-09-23T05:33:03+00:00,https://www.youtube.com/watch?v=zMf9XDQBAaI,playable,Bach - St John Passion BWV 245 - Van Veldhoven | Netherlands Bach Society,Netherlands Bach Society,6792,2026-09-23T05:33:03+00:00,False,,,,
10-19,"Symphony #6 'Pathétique' in B minor, op. 74",Tchaikovsky,https://www.youtube.com/watch?v=uZmLx4w2VHo,private,,,,LOGIN_REQUIRED,Private video,2026-09-23T05:33:04+00:00,https://www.youtube.com/watch?v=SVnF3x44rvU,playable,Tschaikowsky: 6. Sinfonie (»Pathétique«) ∙ hr-Sinfonieorchester ∙ Lionel Bringuier,hr-Sinfonieorchester – Frankfurt Radio Symphony,3321,2026-09-23T05:36:12+00:00,True,完整的柴可夫斯基第六交响曲 Op.74；法兰克福广播交响乐团官方频道。,ERROR: [youtube] uZmLx4w2VHo: Private video,yt-dlp: public metadata and audio formats available; no media downloaded,2026-09-23T05:34:34+00:00
10-20,"Orchestral Suites, BWV 1066-1069",Bach,https://www.youtube.com/watch?v=L3cdI-ZFQEQ&list=PLuOCFjLFfx-v_sQgS8-O0_xMQidc3SOrX,playable,"J.S. Bach: Orchestral Suite No. 1 in C Major, BMV 1066: I. Overture",Academy of St Martin in the Fields - Topic,358,OK,,2026-09-23T05:33:05+00:00,https://www.youtube.com/watch?v=L3cdI-ZFQEQ&list=PLuOCFjLFfx-v_sQgS8-O0_xMQidc3SOrX,playable,"J.S. Bach: Orchestral Suite No. 1 in C Major, BMV 1066: I. Overture",Academy of St Martin in the Fields - Topic,358,2026-09-23T05:33:05+00:00,False,,,,
10-21,"Holberg Suite, op. 40",Grieg,https://www.youtube.com/watch?v=dFEBTbNs4yk,playable,Grieg - Holberg Suite (Complete Score),AltoClef,1194,OK,,2026-09-23T05:33:07+00:00,https://www.youtube.com/watch?v=dFEBTbNs4yk,playable,Grieg - Holberg Suite (Complete Score),AltoClef,1194,2026-09-23T05:33:07+00:00,False,,,,
10-22,"Piano Sonata #26 in E-flat, op. 81a ""Les Adieux""",Beethoven,https://www.youtube.com/watch?v=nAapbue97JE,playable,"Beethoven: Sonata No.26 in E-flat Major, ""Les Adieux"" (Oppitz, Lortie)",Ashish Xiangyi Kumar,2074,OK,,2026-09-23T05:33:08+00:00,https://www.youtube.com/watch?v=nAapbue97JE,playable,"Beethoven: Sonata No.26 in E-flat Major, ""Les Adieux"" (Oppitz, Lortie)",Ashish Xiangyi Kumar,2074,2026-09-23T05:33:08+00:00,False,,,,
10-23,"Symphony #4 in D minor, op. 120",Schumann,https://www.youtube.com/watch?v=BfLxzNakUZw,playable,Robert Schumann - Symphony no. 4 Op. 120 (1851) (+sheet music),Im Walde,1672,OK,,2026-09-23T05:33:09+00:00,https://www.youtube.com/watch?v=BfLxzNakUZw,playable,Robert Schumann - Symphony no. 4 Op. 120 (1851) (+sheet music),Im Walde,1672,2026-09-23T05:33:09+00:00,False,,,,
10-24,"Madrigals, Book 6",Gesualdo,https://www.youtube.com/watch?v=k2lujQGQtLA&list=PLy30lkBpHSxdLFQogvh8TdYAXnh1iexga,playable,Gesualdo: Se la mia morte brami,Quintetto Vocale Italiano - Topic,197,OK,,2026-09-23T05:33:10+00:00,https://www.youtube.com/watch?v=k2lujQGQtLA&list=PLy30lkBpHSxdLFQogvh8TdYAXnh1iexga,playable,Gesualdo: Se la mia morte brami,Quintetto Vocale Italiano - Topic,197,2026-09-23T05:33:10+00:00,False,,,,
10-25,"Piano Quartet #3 in C minor, op. 60 'Werther'",Brahms,https://www.youtube.com/watch?v=iyAiXNAZ5WE,playable,"Johannes Brahms: Piano Quartet No. 3 in C minor, Op. 60",Hochrhein Musikfestival Productions,1919,OK,,2026-09-23T05:33:12+00:00,https://www.youtube.com/watch?v=iyAiXNAZ5WE,playable,"Johannes Brahms: Piano Quartet No. 3 in C minor, Op. 60",Hochrhein Musikfestival Productions,1919,2026-09-23T05:33:12+00:00,False,,,,
10-26,Symphony #3,Mahler,https://www.youtube.com/watch?v=Xplx64LVENg,playable,Mahler - Symphony No 3 - Abbado,Classical Vault 1,5756,OK,,2026-09-23T05:33:13+00:00,https://www.youtube.com/watch?v=Xplx64LVENg,playable,Mahler - Symphony No 3 - Abbado,Classical Vault 1,5756,2026-09-23T05:33:13+00:00,False,,,,
10-27,"Piano Quintet in A, D. 667 ""The Trout""",Schubert,https://www.youtube.com/watch?v=NtzEdLS6IQA,playable,"Schubert: Piano Quintet In A Major, Op. 114, D 667 - ""The Trout"", 3. Scherzo (Presto) [...",Deutsche Grammophon - DG,292,OK,,2026-09-23T05:33:14+00:00,https://www.youtube.com/watch?v=NtzEdLS6IQA,playable,"Schubert: Piano Quintet In A Major, Op. 114, D 667 - ""The Trout"", 3. Scherzo (Presto) [...",Deutsche Grammophon - DG,292,2026-09-23T05:33:14+00:00,False,,,,
10-28,Daphnis et Chloé (ballet and orchestral suites),Ravel,https://www.youtube.com/watch?v=O4lzPz3NnI0,playable,Ravel - Daphnis et Chloé | Jukka-Pekka Saraste | WDR Sinfonieorchester | WDR Rundfunkchor,ARD Klassik,3323,OK,,2026-09-23T05:33:15+00:00,https://www.youtube.com/watch?v=O4lzPz3NnI0,playable,Ravel - Daphnis et Chloé | Jukka-Pekka Saraste | WDR Sinfonieorchester | WDR Rundfunkchor,ARD Klassik,3323,2026-09-23T05:33:15+00:00,False,,,,
10-29,"Piano Trio #2 in E-flat, D. 929",Schubert,https://www.youtube.com/watch?v=mlCXE2wEe7w,playable,"Schubert | Piano Trio No. 2 in E-flat major, op. 100 D.929",Südtirol in concert,2438,OK,,2026-09-23T05:33:16+00:00,https://www.youtube.com/watch?v=mlCXE2wEe7w,playable,"Schubert | Piano Trio No. 2 in E-flat major, op. 100 D.929",Südtirol in concert,2438,2026-09-23T05:33:16+00:00,False,,,,
10-30,"Symphony #13 in B-flat minor, op. 113 ""Babi Yar""",Shostakovich,https://www.youtube.com/watch?v=acDDPoopgvw,deleted_or_unavailable,,,,ERROR,This video is unavailable,2026-09-23T05:33:17+00:00,https://www.youtube.com/watch?v=V1FMoQ8Aylg,playable,"Shostakovich: Symphony No. 13, 'Babi Yar' | Deutsches Symphonie-Orchester Berlin & Thomas Sanderling",DW Classical Music,4068,2026-09-23T05:36:13+00:00,True,完整的肖斯塔科维奇第十三交响曲 Op.113；DW Classical Music 官方频道，柏林德意志交响乐团。,ERROR: [youtube] acDDPoopgvw: This video is unavailable,yt-dlp: public metadata and audio formats available; no media downloaded,2026-09-23T05:35:54+00:00
10-31,"Serenade for Strings in E, op. 22",Dvořák,https://www.youtube.com/watch?v=7psI60ZCOdw,playable,Antonín Dvořák - Serenade for Strings in E Major Op.22 (w/score),ClassicalMusicScores,1721,OK,,2026-09-23T05:33:18+00:00,https://www.youtube.com/watch?v=7psI60ZCOdw,playable,Antonín Dvořák - Serenade for Strings in E Major Op.22 (w/score),ClassicalMusicScores,1721,2026-09-23T05:33:18+00:00,False,,,,
11-01,"Violin Concerto #1 in G minor, op. 26",Bruch,https://www.youtube.com/watch?v=KDJ6Wbzgy3E,playable,Bruch: 1. Violinkonzert ∙ hr-Sinfonieorchester ∙ Hilary Hahn ∙ Andrés Orozco-Estrada,hr-Sinfonieorchester – Frankfurt Radio Symphony,1515,OK,,2026-09-23T05:33:20+00:00,https://www.youtube.com/watch?v=KDJ6Wbzgy3E,playable,Bruch: 1. Violinkonzert ∙ hr-Sinfonieorchester ∙ Hilary Hahn ∙ Andrés Orozco-Estrada,hr-Sinfonieorchester – Frankfurt Radio Symphony,1515,2026-09-23T05:33:20+00:00,False,,,,
11-02,"Lachrimae, or Seaven Teares",Dowland,https://www.youtube.com/watch?v=srugGaEKGMA,playable,John Dowland - Lachrimae or Seaven Teares,Archibaldo De La Cruz,223,OK,,2026-09-23T05:33:21+00:00,https://www.youtube.com/watch?v=srugGaEKGMA,playable,John Dowland - Lachrimae or Seaven Teares,Archibaldo De La Cruz,223,2026-09-23T05:33:21+00:00,False,,,,
11-03,Die Meistersinger von Nürnberg,Wagner,https://www.youtube.com/watch?v=fDIkzHjHRhI,playable,Wagner: Die Meistersinger von Nürnberg – Vorspiel ∙ hr-Sinfonieorchester ∙ Alain Altinoglu,hr-Sinfonieorchester – Frankfurt Radio Symphony,628,OK,,2026-09-23T05:33:22+00:00,https://www.youtube.com/watch?v=fDIkzHjHRhI,playable,Wagner: Die Meistersinger von Nürnberg – Vorspiel ∙ hr-Sinfonieorchester ∙ Alain Altinoglu,hr-Sinfonieorchester – Frankfurt Radio Symphony,628,2026-09-23T05:33:22+00:00,False,,,,
11-04,"Symphonie fantastique, op. 14",Berlioz,https://www.youtube.com/watch?v=sK-D9IpmclQ,playable,Berlioz: Symphonie fantastique op. 14 (full) | University Orchestra Weimar,University of Music FRANZ LISZT Weimar,3247,OK,,2026-09-23T05:33:23+00:00,https://www.youtube.com/watch?v=sK-D9IpmclQ,playable,Berlioz: Symphonie fantastique op. 14 (full) | University Orchestra Weimar,University of Music FRANZ LISZT Weimar,3247,2026-09-23T05:33:23+00:00,False,,,,
11-05,"Variations and Fugue on a Theme by Handel, op. 24",Brahms,https://www.youtube.com/watch?v=q9tbCkACbGU,playable,"Brahms: Variations and Fugue on a Theme by Handel, Op.24 (Kovacevich)",Ashish Xiangyi Kumar,1583,OK,,2026-09-23T05:33:25+00:00,https://www.youtube.com/watch?v=q9tbCkACbGU,playable,"Brahms: Variations and Fugue on a Theme by Handel, Op.24 (Kovacevich)",Ashish Xiangyi Kumar,1583,2026-09-23T05:33:25+00:00,False,,,,
11-06,"String Quintet in C, D. 956",Schubert,https://www.youtube.com/watch?v=Dc3iX7x73JY,playable,"Franz Schubert String Quintet in C Major, D. 956",Fatih Gün,3267,OK,,2026-09-23T05:33:26+00:00,https://www.youtube.com/watch?v=Dc3iX7x73JY,playable,"Franz Schubert String Quintet in C Major, D. 956",Fatih Gün,3267,2026-09-23T05:33:26+00:00,False,,,,
11-07,"Quintet for Piano and Winds in E-flat, K. 452",Mozart,https://www.youtube.com/watch?v=WC9Qp6wKWsg,playable,Mozart Quintet for Piano and Winds in E flat K452 - Whittington Festival,James Barralet,1537,OK,,2026-09-23T05:33:27+00:00,https://www.youtube.com/watch?v=WC9Qp6wKWsg,playable,Mozart Quintet for Piano and Winds in E flat K452 - Whittington Festival,James Barralet,1537,2026-09-23T05:33:27+00:00,False,,,,
11-08,"Piano Quartet #1 in C minor, op. 15",Fauré,https://www.youtube.com/watch?v=QMwcmX7bOxo,playable,"Fauré - Piano Quartet No. 1 in C minor, Op. 15",Anthony Mondon,1803,OK,,2026-09-23T05:33:28+00:00,https://www.youtube.com/watch?v=QMwcmX7bOxo,playable,"Fauré - Piano Quartet No. 1 in C minor, Op. 15",Anthony Mondon,1803,2026-09-23T05:33:28+00:00,False,,,,
11-09,"Symphonie Espagnole in D minor, op. 21",Lalo,https://www.youtube.com/watch?v=lEeaFZkpLH4,playable,"Lalo: Symphonie espagnole in D minor, Op. 21 (with Score)",symphony7526,1926,OK,,2026-09-23T05:33:29+00:00,https://www.youtube.com/watch?v=lEeaFZkpLH4,playable,"Lalo: Symphonie espagnole in D minor, Op. 21 (with Score)",symphony7526,1926,2026-09-23T05:33:29+00:00,False,,,,
11-10,Turangalîla-Symphonie,Messiaen,https://www.youtube.com/watch?v=oEghV-AJ230,playable,Olivier Messiaen - Turangalîla-Symphonie (1948/1990),Cmaj7,4785,OK,,2026-09-23T05:33:31+00:00,https://www.youtube.com/watch?v=oEghV-AJ230,playable,Olivier Messiaen - Turangalîla-Symphonie (1948/1990),Cmaj7,4785,2026-09-23T05:33:31+00:00,False,,,,
11-11,"Symphony #4 in A, op. 90 'Italian'",Mendelssohn,https://www.youtube.com/watch?v=xI8IzIKGslA,playable,"Mendelssohn: Symphony No. 4 in A major, Op. 90 ""Italian"" (with Score)",symphony7526,1810,OK,,2026-09-23T05:33:32+00:00,https://www.youtube.com/watch?v=xI8IzIKGslA,playable,"Mendelssohn: Symphony No. 4 in A major, Op. 90 ""Italian"" (with Score)",symphony7526,1810,2026-09-23T05:33:32+00:00,False,,,,
11-12,"Piano Concerto #25 in C, K. 503",Mozart,https://www.youtube.com/watch?v=WIjAGbyQO9M,playable,"MOZART PIANO CONCERTO No 25 C major K 503, Mitsuko Uchida, Riccardo Muti",GreatPerformers1,1869,OK,,2026-09-23T05:33:33+00:00,https://www.youtube.com/watch?v=WIjAGbyQO9M,playable,"MOZART PIANO CONCERTO No 25 C major K 503, Mitsuko Uchida, Riccardo Muti",GreatPerformers1,1869,2026-09-23T05:33:33+00:00,False,,,,
11-13,"Symphony #9 in E minor, op. 95 'From the New World'",Dvořák,https://www.youtube.com/watch?v=89jOPAGJq-M,playable,Dvorak - Symphony No. 9 (From the New World) Mvmt 4,Soundtrack Suites,670,OK,,2026-09-23T05:33:34+00:00,https://www.youtube.com/watch?v=89jOPAGJq-M,playable,Dvorak - Symphony No. 9 (From the New World) Mvmt 4,Soundtrack Suites,670,2026-09-23T05:33:34+00:00,False,,,,
11-14,Pavane pour une infante défunte,Ravel,https://www.youtube.com/watch?v=DVtNt-6OTM8,playable,"RAVEL Pavane pour une infante défunte, conducted by Esa-Pekka Salonen",Philharmonia Orchestra,484,OK,,2026-09-23T05:33:35+00:00,https://www.youtube.com/watch?v=DVtNt-6OTM8,playable,"RAVEL Pavane pour une infante défunte, conducted by Esa-Pekka Salonen",Philharmonia Orchestra,484,2026-09-23T05:33:35+00:00,False,,,,
11-15,Pini di Roma,Respighi,https://www.youtube.com/watch?v=XgE7PUXTrlo,playable,Respighi: Pini di Roma ∙ hr-Sinfonieorchester ∙ Juraj Valčuha,hr-Sinfonieorchester – Frankfurt Radio Symphony,1436,OK,,2026-09-23T05:33:37+00:00,https://www.youtube.com/watch?v=XgE7PUXTrlo,playable,Respighi: Pini di Roma ∙ hr-Sinfonieorchester ∙ Juraj Valčuha,hr-Sinfonieorchester – Frankfurt Radio Symphony,1436,2026-09-23T05:33:37+00:00,False,,,,
11-16,Cantata #82 'Ich habe genug',Bach,https://www.youtube.com/watch?v=Q_5DG9BD-SU,playable,Bach - Cantata Ich habe genung BWV 82 - Mortensen | Netherlands Bach Society,Netherlands Bach Society,1270,OK,,2026-09-23T05:33:38+00:00,https://www.youtube.com/watch?v=Q_5DG9BD-SU,playable,Bach - Cantata Ich habe genung BWV 82 - Mortensen | Netherlands Bach Society,Netherlands Bach Society,1270,2026-09-23T05:33:38+00:00,False,,,,
11-17,"Symphony #8 in G, op. 88",Dvořák,https://www.youtube.com/watch?v=RhbK_5cWbpU,playable,Dvořák - Sinfonie Nr. 8 | Cristian Măcelaru | WDR Sinfonieorchester,ARD Klassik,2310,OK,,2026-09-23T05:33:39+00:00,https://www.youtube.com/watch?v=RhbK_5cWbpU,playable,Dvořák - Sinfonie Nr. 8 | Cristian Măcelaru | WDR Sinfonieorchester,ARD Klassik,2310,2026-09-23T05:33:39+00:00,False,,,,
11-18,"String Sextet #2 in G, op. 36",Brahms,https://www.youtube.com/watch?v=gXOHCMY6Gx4,playable,Brahms: String Sextet No. 2 In G Major Op. 36 - International Chamber Music Festival Utrecht - HD,AVROTROS Klassiek,2444,OK,,2026-09-23T05:33:40+00:00,https://www.youtube.com/watch?v=gXOHCMY6Gx4,playable,Brahms: String Sextet No. 2 In G Major Op. 36 - International Chamber Music Festival Utrecht - HD,AVROTROS Klassiek,2444,2026-09-23T05:33:40+00:00,False,,,,
11-19,"Violin Concerto in D, op. 35",Tchaikovsky,https://www.youtube.com/watch?v=ovFPKu00cCc,playable,"Julia Fischer - Tchaikovsky - Violin Concerto in D major, Op 35",Classical Vault 1,2096,OK,,2026-09-23T05:33:41+00:00,https://www.youtube.com/watch?v=ovFPKu00cCc,playable,"Julia Fischer - Tchaikovsky - Violin Concerto in D major, Op 35",Classical Vault 1,2096,2026-09-23T05:33:41+00:00,False,,,,
11-20,"String Quartet #1 in E minor ""From My Life""",Smetana,https://www.youtube.com/watch?v=lbv5mGb9_4s,playable,Smetana String Quartet No. 1 in E minor (From My Life),Quartet Rêve,497,OK,,2026-09-23T05:33:43+00:00,https://www.youtube.com/watch?v=lbv5mGb9_4s,playable,Smetana String Quartet No. 1 in E minor (From My Life),Quartet Rêve,497,2026-09-23T05:33:43+00:00,False,,,,
11-21,"Chromatic Fantasia and Fugue in D minor, BWV 903",Bach,https://www.youtube.com/watch?v=SNWOhm5iXxs,playable,"András Schiff Plays Bach: Chromatic Fantasy and Fugue in D Minor, BWV 903",The Greene Space at WNYC & WQXR,658,OK,,2026-09-23T05:33:44+00:00,https://www.youtube.com/watch?v=SNWOhm5iXxs,playable,"András Schiff Plays Bach: Chromatic Fantasy and Fugue in D Minor, BWV 903",The Greene Space at WNYC & WQXR,658,2026-09-23T05:33:44+00:00,False,,,,
11-22,"Serenade #10 ""Gran Partita"" for winds in B-flat, K. 361/370a",Mozart,https://www.youtube.com/watch?v=NecLh4YOT9M,playable,"Mozart: Serenade No 10 for Winds 'Gran Partita', III. Adagio | LSO Wind Ensemble",London Symphony Orchestra,356,OK,,2026-09-23T05:33:45+00:00,https://www.youtube.com/watch?v=NecLh4YOT9M,playable,"Mozart: Serenade No 10 for Winds 'Gran Partita', III. Adagio | LSO Wind Ensemble",London Symphony Orchestra,356,2026-09-23T05:33:45+00:00,False,,,,
11-23,"String Quartet #13 in A minor, D. 804 ""Rosamunde""",Schubert,https://www.youtube.com/watch?v=JGO_qd4PTh4,playable,"Franz Schubert: String Quartet No. 13 in A minor (the Rosamunde Quartet), D. 804, Op. 29",Michel Camille,2214,OK,,2026-09-23T05:33:46+00:00,https://www.youtube.com/watch?v=JGO_qd4PTh4,playable,"Franz Schubert: String Quartet No. 13 in A minor (the Rosamunde Quartet), D. 804, Op. 29",Michel Camille,2214,2026-09-23T05:33:46+00:00,False,,,,
11-24,"Die Kunst der Fuge (The Art of Fugue), BWV 1080",Bach,https://www.youtube.com/watch?v=N6sUlZa-IrU,playable,Bach - The Art of Fugue BWV 1080 - Sato | Netherlands Bach Society,Netherlands Bach Society,5343,OK,,2026-09-23T05:33:47+00:00,https://www.youtube.com/watch?v=N6sUlZa-IrU,playable,Bach - The Art of Fugue BWV 1080 - Sato | Netherlands Bach Society,Netherlands Bach Society,5343,2026-09-23T05:33:47+00:00,False,,,,
11-25,Violin Concerto,Berg,https://www.youtube.com/watch?v=P0GzNmf_AUw,playable,Alban Berg - Violin Concerto (1935),Cmaj7,1552,OK,,2026-09-23T05:33:49+00:00,https://www.youtube.com/watch?v=P0GzNmf_AUw,playable,Alban Berg - Violin Concerto (1935),Cmaj7,1552,2026-09-23T05:33:49+00:00,False,,,,
11-26,"Symphony #8 in B minor, D. 759 'Unfinished'",Schubert,https://www.youtube.com/watch?v=3tisvEpblig,playable,Schubert: Symphony No. 8 Unfinished | Iván Fischer & Budapest Festival Orchestra,DW Classical Music,1618,OK,,2026-09-23T05:33:50+00:00,https://www.youtube.com/watch?v=3tisvEpblig,playable,Schubert: Symphony No. 8 Unfinished | Iván Fischer & Budapest Festival Orchestra,DW Classical Music,1618,2026-09-23T05:33:50+00:00,False,,,,
11-27,"Symphony #7 in A, op. 92",Beethoven,https://www.youtube.com/watch?v=vCHREyE5GzQ,playable,"Beethoven - Symphony No.7 in A major op.92 - II, Allegretto",neuIlaryRheinKlange,526,OK,,2026-09-23T05:33:51+00:00,https://www.youtube.com/watch?v=vCHREyE5GzQ,playable,"Beethoven - Symphony No.7 in A major op.92 - II, Allegretto",neuIlaryRheinKlange,526,2026-09-23T05:33:51+00:00,False,,,,
11-28,"Études pour piano, Books 1-3",Ligeti,https://www.youtube.com/watch?v=f9hLauEdjC4,playable,"György Ligeti - Études for Piano (Book 1), No. 3 [3/6]",Thomas Ligre,165,OK,,2026-09-23T05:33:52+00:00,https://www.youtube.com/watch?v=f9hLauEdjC4,playable,"György Ligeti - Études for Piano (Book 1), No. 3 [3/6]",Thomas Ligre,165,2026-09-23T05:33:52+00:00,False,,,,
11-29,"Eine Alpensinfonie, op. 64","Strauss, R.",https://www.youtube.com/watch?v=sZDkMZmE0YY,playable,"Strauss - Eine Alpensinfonie (An Alpine Symphony), Op 64 - Haitink",Cantus 5,3158,OK,,2026-09-23T05:33:54+00:00,https://www.youtube.com/watch?v=sZDkMZmE0YY,playable,"Strauss - Eine Alpensinfonie (An Alpine Symphony), Op 64 - Haitink",Cantus 5,3158,2026-09-23T05:33:54+00:00,False,,,,
11-30,"Symphony #10 in E minor, op. 93",Shostakovich,https://www.youtube.com/watch?v=gQU9hNxImxA,deleted_or_unavailable,,,,ERROR,This video is unavailable,2026-09-23T05:33:54+00:00,https://www.youtube.com/watch?v=UpPip-YjzVc,playable,Gustavo Dudamel - Shostakovich Symphony No. 10 (BBC Proms 2007),Gustavo Dudamel,3406,2026-09-23T05:36:14+00:00,True,完整的肖斯塔科维奇第十交响曲 Op.93；Gustavo Dudamel 官方频道，2007年BBC逍遥音乐节演出。,ERROR: [youtube] gQU9hNxImxA: This video is unavailable,yt-dlp: public metadata and audio formats available; no media downloaded,2026-09-23T05:35:59+00:00
12-01,"Klavierstücke (Piano Pieces, 6), op. 118",Brahms,https://www.youtube.com/watch?v=XnUuGRoL97o,deleted_or_unavailable,"Brahms - 6 Piano Pieces, Op. 118 (Audio+Sheet) [Volodos]",PianoJFAudioSheet,1495,UNPLAYABLE,Video unavailable,2026-09-23T05:33:56+00:00,https://www.youtube.com/watch?v=qGqeYERyPVs,playable,"Brahms: 6 Klavierstücke, Op.118 (Volodos)",Eppur,1502,2026-09-23T05:36:15+00:00,True,保留原视频的 Volodos 钢琴演奏及勃拉姆斯 Op.118 全六首范围。,ERROR: [youtube] XnUuGRoL97o: Video unavailable,yt-dlp: public metadata and audio formats available; no media downloaded,2026-09-23T05:36:05+00:00
12-02,"Harpsichord Concerto #1 in D minor, BWV 1052",Bach,https://www.youtube.com/watch?v=XcsfDxojdV8,playable,Bach: Harpsichord Concerto No.1 in D Minor BWV 1052 (Jean Rondeau),Warner Classics,448,OK,,2026-09-23T05:33:58+00:00,https://www.youtube.com/watch?v=XcsfDxojdV8,playable,Bach: Harpsichord Concerto No.1 in D Minor BWV 1052 (Jean Rondeau),Warner Classics,448,2026-09-23T05:33:58+00:00,False,,,,
12-03,Symphony #9 in D minor,Bruckner,https://www.youtube.com/watch?v=Az-kHLRQhsk,playable,Bruckner: 9. Sinfonie ∙ hr-Sinfonieorchester ∙ Stanisław Skrowaczewski,hr-Sinfonieorchester – Frankfurt Radio Symphony,4261,OK,,2026-09-23T05:33:58+00:00,https://www.youtube.com/watch?v=Az-kHLRQhsk,playable,Bruckner: 9. Sinfonie ∙ hr-Sinfonieorchester ∙ Stanisław Skrowaczewski,hr-Sinfonieorchester – Frankfurt Radio Symphony,4261,2026-09-23T05:33:58+00:00,False,,,,
12-04,"Verklärte Nacht, op. 4",Schoenberg,https://www.youtube.com/watch?v=U-pVz2LTakM,playable,"Schoenberg: Verklärte Nacht, Op.4 - Boulez.",glemoine14,1766,OK,,2026-09-23T05:34:00+00:00,https://www.youtube.com/watch?v=U-pVz2LTakM,playable,"Schoenberg: Verklärte Nacht, Op.4 - Boulez.",glemoine14,1766,2026-09-23T05:34:00+00:00,False,,,,
12-05,"Nocturnes, L 91",Debussy,https://www.youtube.com/watch?v=jBCnFj28kEc,playable,"Debussy: Nocturnes, CD 98: I. Nuages",The Cleveland Orchestra - Topic,375,OK,,2026-09-23T05:34:01+00:00,https://www.youtube.com/watch?v=jBCnFj28kEc,playable,"Debussy: Nocturnes, CD 98: I. Nuages",The Cleveland Orchestra - Topic,375,2026-09-23T05:34:01+00:00,False,,,,
12-06,"Piano Sonata #31 in A-flat, op. 110",Beethoven,https://www.youtube.com/watch?v=8duMwTZ8yUg,playable,"Hélène Grimaud: Beethoven - Sonata No. 31 in A-flat, Op. 110",wocomoMUSIC,1167,OK,,2026-09-23T05:34:02+00:00,https://www.youtube.com/watch?v=8duMwTZ8yUg,playable,"Hélène Grimaud: Beethoven - Sonata No. 31 in A-flat, Op. 110",wocomoMUSIC,1167,2026-09-23T05:34:02+00:00,False,,,,
12-07,"Piano Concerto #4 in G, op. 58",Beethoven,https://www.youtube.com/watch?v=6lvBQJjxw4c,playable,"Mitsuko Uchida - Beethoven - Piano Concerto No 4 in G major, Op 58",Classical Vault 1,2164,OK,,2026-09-23T05:34:03+00:00,https://www.youtube.com/watch?v=6lvBQJjxw4c,playable,"Mitsuko Uchida - Beethoven - Piano Concerto No 4 in G major, Op 58",Classical Vault 1,2164,2026-09-23T05:34:03+00:00,False,,,,
12-08,"Piano Concerto #2 in B-flat, op. 83",Brahms,https://www.youtube.com/watch?v=BszBccYHuAk,playable,Yuja Wang: Brahms Piano Concerto No. 2 in B-flat major Op. 83 [HD],Peter Chen 2.0,2966,OK,,2026-09-23T05:34:04+00:00,https://www.youtube.com/watch?v=BszBccYHuAk,playable,Yuja Wang: Brahms Piano Concerto No. 2 in B-flat major Op. 83 [HD],Peter Chen 2.0,2966,2026-09-23T05:34:04+00:00,False,,,,
12-09,String Quartet in F,Ravel,https://www.youtube.com/watch?v=ieRQyyPowH0,playable,Maurice Ravel - String Quartet in F major,olla-vogala,1725,OK,,2026-09-23T05:34:06+00:00,https://www.youtube.com/watch?v=ieRQyyPowH0,playable,Maurice Ravel - String Quartet in F major,olla-vogala,1725,2026-09-23T05:34:06+00:00,False,,,,
12-10,"Symphony #1 in G minor, op. 13 ""Winter Daydreams""",Tchaikovsky,https://www.youtube.com/watch?v=jzctjcHBO9k,playable,"Tchaikovsky: Symphony No. 1 in G minor, Op. 13 ""Winter Daydreams"" (with Score)",symphony7526,2578,OK,,2026-09-23T05:34:07+00:00,https://www.youtube.com/watch?v=jzctjcHBO9k,playable,"Tchaikovsky: Symphony No. 1 in G minor, Op. 13 ""Winter Daydreams"" (with Score)",symphony7526,2578,2026-09-23T05:34:07+00:00,False,,,,
12-11,"Piano Trio #1 in B, op. 8",Brahms,https://www.youtube.com/watch?v=viPLLjpujOU,playable,"BRAHMS: Trio No. 1 in B major, Op. 8 - ChamberFest Cleveland (2018)",ChamberFest Cleveland,2228,OK,,2026-09-23T05:34:08+00:00,https://www.youtube.com/watch?v=viPLLjpujOU,playable,"BRAHMS: Trio No. 1 in B major, Op. 8 - ChamberFest Cleveland (2018)",ChamberFest Cleveland,2228,2026-09-23T05:34:08+00:00,False,,,,
12-12,"Piano Concerto in A minor, op. 16",Grieg,https://www.youtube.com/watch?v=I1Yoyz6_Los,playable,"Arthur Rubinstein - Grieg - Piano Concerto in A minor, Op 16",Classical Vault 1,1938,OK,,2026-09-23T05:34:09+00:00,https://www.youtube.com/watch?v=I1Yoyz6_Los,playable,"Arthur Rubinstein - Grieg - Piano Concerto in A minor, Op 16",Classical Vault 1,1938,2026-09-23T05:34:09+00:00,False,,,,
12-13,"Symphony #1 in B-flat, op. 38 ""Spring""",Schumann,https://www.youtube.com/watch?v=1Lk2V6YOcIc,playable,Schumann: Symphony No. 1; The Spring Symphony - Philharmonie Südwestfalen - Live Classical Music HD,AVROTROS Klassiek,1848,OK,,2026-09-23T05:34:10+00:00,https://www.youtube.com/watch?v=1Lk2V6YOcIc,playable,Schumann: Symphony No. 1; The Spring Symphony - Philharmonie Südwestfalen - Live Classical Music HD,AVROTROS Klassiek,1848,2026-09-23T05:34:10+00:00,False,,,,
12-14,"Piano Concerto #3 in C minor, op. 37",Beethoven,https://www.youtube.com/watch?v=D_iPsP8LXI0,playable,Beethoven - Piano Concerto No. 3 in C Minor Op. 37 (Daniel Barenboim & West-Eastern Divan Orchestra),EuroArtsChannel,2278,OK,,2026-09-23T05:34:12+00:00,https://www.youtube.com/watch?v=D_iPsP8LXI0,playable,Beethoven - Piano Concerto No. 3 in C Minor Op. 37 (Daniel Barenboim & West-Eastern Divan Orchestra),EuroArtsChannel,2278,2026-09-23T05:34:12+00:00,False,,,,
12-15,"Kreisleriana, op. 16",Schumann,https://www.youtube.com/watch?v=J5FayGAxTf0,playable,Yuja Wang plays Schumann: Kreisleriana Opus 16,MrOsomatsu,1964,OK,,2026-09-23T05:34:13+00:00,https://www.youtube.com/watch?v=J5FayGAxTf0,playable,Yuja Wang plays Schumann: Kreisleriana Opus 16,MrOsomatsu,1964,2026-09-23T05:34:13+00:00,False,,,,
12-16,Noches en los Jardines de España (Nights in the Gardens of Spain),Falla,https://www.youtube.com/watch?v=UyoEiRPmq6M,playable,Falla: Noches en los Jardines de España ∙ hr-Sinfonieorchester ∙ Perianes ∙ Heras-Casado,hr-Sinfonieorchester – Frankfurt Radio Symphony,1523,OK,,2026-09-23T05:34:14+00:00,https://www.youtube.com/watch?v=UyoEiRPmq6M,playable,Falla: Noches en los Jardines de España ∙ hr-Sinfonieorchester ∙ Perianes ∙ Heras-Casado,hr-Sinfonieorchester – Frankfurt Radio Symphony,1523,2026-09-23T05:34:14+00:00,False,,,,
12-17,"String Quartet #12 in F, op. 96 'American'",Dvořák,https://www.youtube.com/watch?v=DxtAHpYIXdU,deleted_or_unavailable,"Dvořák / String Quartet No. 12 in F major, Op. 96 ""American"" (Cleveland Quartet)",scrymgeour34,1506,UNPLAYABLE,Video unavailable,2026-09-23T05:34:15+00:00,https://www.youtube.com/watch?v=PzrFW8DbaLc,playable,"Dvorak: String Quartet No. 12 in F Major, Op. 96 “American”, Dover Quartet, CMSFW, 10-19-24",The Chamber Music Society of Fort Worth,1453,2026-09-23T05:36:17+00:00,True,完整的德沃夏克第十二弦乐四重奏 Op.96；Dover Quartet 演奏，主办方 The Chamber Music Society of Fort Worth 发布。,ERROR: [youtube] DxtAHpYIXdU: Video unavailable,yt-dlp: public metadata and audio formats available; no media downloaded,2026-09-23T05:36:10+00:00
12-18,"Symphony #5 in E minor, op. 64",Tchaikovsky,https://www.youtube.com/watch?v=dYTUtDjK2Kc,playable,"Tchaikovsky - Symphony No 5 in E minor, Op 64 - Chang",Classical Vault 1,2776,OK,,2026-09-23T05:34:16+00:00,https://www.youtube.com/watch?v=dYTUtDjK2Kc,playable,"Tchaikovsky - Symphony No 5 in E minor, Op 64 - Chang",Classical Vault 1,2776,2026-09-23T05:34:16+00:00,False,,,,
12-19,"Grande Messe des Morts (Requiem), op. 5",Berlioz,https://www.youtube.com/watch?v=vLfZ4-Y4VaU,playable,"Hector Berlioz - Requiem (Grande Messe des Morts), Op. 5",invertedninthchord,5044,OK,,2026-09-23T05:34:18+00:00,https://www.youtube.com/watch?v=vLfZ4-Y4VaU,playable,"Hector Berlioz - Requiem (Grande Messe des Morts), Op. 5",invertedninthchord,5044,2026-09-23T05:34:18+00:00,False,,,,
12-20,"Cantata #140 'Wachet auf, ruft uns die Stimme'",Bach,https://www.youtube.com/watch?v=DqZE54i-muE,playable,"Bach - Cantata Wachet auf, ruft uns die Stimme BWV 140 - Van Veldhoven | Netherlands Bach Society",Netherlands Bach Society,1737,OK,,2026-09-23T05:34:19+00:00,https://www.youtube.com/watch?v=DqZE54i-muE,playable,"Bach - Cantata Wachet auf, ruft uns die Stimme BWV 140 - Van Veldhoven | Netherlands Bach Society",Netherlands Bach Society,1737,2026-09-23T05:34:19+00:00,False,,,,
12-21,"Piano Concerto #1 in E minor, op. 11",Chopin,https://www.youtube.com/watch?v=5BLU-CaKIt8,playable,"Chopin: Piano Concerto No. 1 In E Minor, Op. 11: 1. Allegro maestoso",Krystian Zimerman - Topic,1404,OK,,2026-09-23T05:34:20+00:00,https://www.youtube.com/watch?v=5BLU-CaKIt8,playable,"Chopin: Piano Concerto No. 1 In E Minor, Op. 11: 1. Allegro maestoso",Krystian Zimerman - Topic,1404,2026-09-23T05:34:20+00:00,False,,,,
12-22,"Clarinet Trio in A minor, op. 114",Brahms,https://www.youtube.com/watch?v=YOayoH9YRWk,playable,Johannes Brahms - Trio in A minor op.114,VideoClassica,1449,OK,,2026-09-23T05:34:21+00:00,https://www.youtube.com/watch?v=YOayoH9YRWk,playable,Johannes Brahms - Trio in A minor op.114,VideoClassica,1449,2026-09-23T05:34:21+00:00,False,,,,
12-23,"Stabat Mater, op. 53",Szymanowski,https://www.youtube.com/watch?v=soC2WFYgWH0,playable,"Karol Szymanowski - Stabat Mater, Op. 53",invertedninthchord,1687,OK,,2026-09-23T05:34:22+00:00,https://www.youtube.com/watch?v=soC2WFYgWH0,playable,"Karol Szymanowski - Stabat Mater, Op. 53",invertedninthchord,1687,2026-09-23T05:34:22+00:00,False,,,,
12-24,"Piano Concerto #3 in D minor, op. 30",Rachmaninoff,https://www.youtube.com/watch?v=GvKQKnIVy1I,playable,"REMASTERED: Yunchan Lim 임윤찬 – RACHMANINOV Piano Concerto No. 3 in D Minor, op. 30",The Cliburn,2607,OK,,2026-09-23T05:34:24+00:00,https://www.youtube.com/watch?v=GvKQKnIVy1I,playable,"REMASTERED: Yunchan Lim 임윤찬 – RACHMANINOV Piano Concerto No. 3 in D Minor, op. 30",The Cliburn,2607,2026-09-23T05:34:24+00:00,False,,,,
12-25,"Violin Sonata #9, op. 47 ""Kreutzer""",Beethoven,https://www.youtube.com/watch?v=COGcCBJAC6I,playable,Beethoven.Violin.Sonata.No.9.Op.47.kreutzer.[Anne-Sophie Mutter.-.Lambert.Orkis],kamngaty,2779,OK,,2026-09-23T05:34:25+00:00,https://www.youtube.com/watch?v=COGcCBJAC6I,playable,Beethoven.Violin.Sonata.No.9.Op.47.kreutzer.[Anne-Sophie Mutter.-.Lambert.Orkis],kamngaty,2779,2026-09-23T05:34:25+00:00,False,,,,
12-26,"Peer Gynt, op. 23 (including the suites, #1, op. 46; and #2, op. 55)",Grieg,https://www.youtube.com/watch?v=7kpqALC8IbI,playable,"Edvard Grieg: Peer Gynt Suite No.1 & No.2 ​- Bjarte Engeset (op. 46, op. 55, op. 23)",Kristiansand Symphony Orchestra,2653,OK,,2026-09-23T05:34:26+00:00,https://www.youtube.com/watch?v=7kpqALC8IbI,playable,"Edvard Grieg: Peer Gynt Suite No.1 & No.2 ​- Bjarte Engeset (op. 46, op. 55, op. 23)",Kristiansand Symphony Orchestra,2653,2026-09-23T05:34:26+00:00,False,,,,
12-27,"Préludes for piano, Books I & II, L 117 & 123",Debussy,https://www.youtube.com/watch?v=53okWti8NfA,playable,"Debussy: Préludes - Book II, L. 123: XI. Les tierces alternées",Maurizio Pollini - Topic,148,OK,,2026-09-23T05:34:27+00:00,https://www.youtube.com/watch?v=53okWti8NfA,playable,"Debussy: Préludes - Book II, L. 123: XI. Les tierces alternées",Maurizio Pollini - Topic,148,2026-09-23T05:34:27+00:00,False,,,,
12-28,"Messiah, HWV 56",Handel,https://www.youtube.com/watch?v=JH3T6YwwU9s,playable,G. F. Handel: Messiah HWV 56 (fantastic performance),classicalplus,8236,OK,,2026-09-23T05:34:28+00:00,https://www.youtube.com/watch?v=JH3T6YwwU9s,playable,G. F. Handel: Messiah HWV 56 (fantastic performance),classicalplus,8236,2026-09-23T05:34:28+00:00,False,,,,
12-29,Rückert Lieder,Mahler,https://www.youtube.com/watch?v=OJNaKMgvXRA,playable,Gustav Mahler - Rückert-Lieder,Adagietto,1207,OK,,2026-09-23T05:34:30+00:00,https://www.youtube.com/watch?v=OJNaKMgvXRA,playable,Gustav Mahler - Rückert-Lieder,Adagietto,1207,2026-09-23T05:34:30+00:00,False,,,,
12-30,"String Quartet #14 in D minor, D. 810 'Death and the Maiden'",Schubert,https://www.youtube.com/watch?v=otdayisyIiM,playable,"Franz Schubert - String Quartet No.14 in D minor, D.810 (Alban Berg Quartett)",EnterMyChallenge,2136,OK,,2026-09-23T05:34:31+00:00,https://www.youtube.com/watch?v=otdayisyIiM,playable,"Franz Schubert - String Quartet No.14 in D minor, D.810 (Alban Berg Quartett)",EnterMyChallenge,2136,2026-09-23T05:34:31+00:00,False,,,,
12-31,Piano Quintet,Schnittke,https://www.youtube.com/watch?v=Td-cUkR1Tu8,playable,Alfred Schnittke - Piano Quintet (w/ score) (1976),belanna000,1453,OK,,2026-09-23T05:34:32+00:00,https://www.youtube.com/watch?v=Td-cUkR1Tu8,playable,Alfred Schnittke - Piano Quintet (w/ score) (1976),belanna000,1453,2026-09-23T05:34:32+00:00,False,,,,
